# harness	differential-sweep/1
# seed	20260817
# reference	historical
# subject	stub-faithful
# sha256.use.jar	80ac8ae433b8345677472019991356950f094f4a104cfbce1f75783a7308788d
# sha256.atenearesearchgroup.uncertainty.jar	53b2a43feb0a0a39844a60278dd80a7d4b975ef324fb05c6db28831e835e59d0
# operations	URealValue.add(value)
# rows	784
# rows.measured	784
# rows.agreement	784
# rows.disagreement	0
# rows.throwClassMismatch	0
# verdict.AGREE	784
index	operation	inputs	historical	ported	verdict	note
0	URealValue.add(value)	UREAL(0.0,0.0) | UREAL(0.0,0.0)	UREAL(0.0,0.0)	UREAL(0.0,0.0)	AGREE	
1	URealValue.add(value)	UREAL(0.0,0.0) | UREAL(0.0,1.0)	UREAL(0.0,1.0)	UREAL(0.0,1.0)	AGREE	
2	URealValue.add(value)	UREAL(0.0,0.0) | UREAL(-0.0,0.0)	UREAL(0.0,0.0)	UREAL(0.0,0.0)	AGREE	
3	URealValue.add(value)	UREAL(0.0,0.0) | UREAL(1.0,0.0)	UREAL(1.0,0.0)	UREAL(1.0,0.0)	AGREE	
4	URealValue.add(value)	UREAL(0.0,0.0) | UREAL(1.0,1.0)	UREAL(1.0,1.0)	UREAL(1.0,1.0)	AGREE	
5	URealValue.add(value)	UREAL(0.0,0.0) | UREAL(-1.0,0.0)	UREAL(-1.0,0.0)	UREAL(-1.0,0.0)	AGREE	
6	URealValue.add(value)	UREAL(0.0,0.0) | UREAL(-1.0,1.0)	UREAL(-1.0,1.0)	UREAL(-1.0,1.0)	AGREE	
7	URealValue.add(value)	UREAL(0.0,0.0) | UREAL(-1.0,0.5)	UREAL(-1.0,0.5)	UREAL(-1.0,0.5)	AGREE	
8	URealValue.add(value)	UREAL(0.0,0.0) | UREAL(0.5,0.5)	UREAL(0.5,0.5)	UREAL(0.5,0.5)	AGREE	
9	URealValue.add(value)	UREAL(0.0,0.0) | UREAL(-0.5,0.25)	UREAL(-0.5,0.25)	UREAL(-0.5,0.25)	AGREE	
10	URealValue.add(value)	UREAL(0.0,0.0) | UREAL(2.0,0.0)	UREAL(2.0,0.0)	UREAL(2.0,0.0)	AGREE	
11	URealValue.add(value)	UREAL(0.0,0.0) | UREAL(100.0,0.001)	UREAL(100.0,0.001)	UREAL(100.0,0.001)	AGREE	
12	URealValue.add(value)	UREAL(0.0,0.0) | UREAL(-100.0,0.001)	UREAL(-100.0,0.001)	UREAL(-100.0,0.001)	AGREE	
13	URealValue.add(value)	UREAL(0.0,0.0) | UREAL(4.9E-324,0.0)	UREAL(4.9E-324,0.0)	UREAL(4.9E-324,0.0)	AGREE	
14	URealValue.add(value)	UREAL(0.0,0.0) | UREAL(1.7976931348623157E308,0.0)	UREAL(1.7976931348623157E308,0.0)	UREAL(1.7976931348623157E308,0.0)	AGREE	
15	URealValue.add(value)	UREAL(0.0,0.0) | UREAL(-1.7976931348623157E308,0.0)	UREAL(-1.7976931348623157E308,0.0)	UREAL(-1.7976931348623157E308,0.0)	AGREE	
16	URealValue.add(value)	UREAL(0.0,0.0) | UREAL(NaN,0.0)	UREAL(NaN,0.0)	UREAL(NaN,0.0)	AGREE	
17	URealValue.add(value)	UREAL(0.0,0.0) | UREAL(Infinity,0.0)	UREAL(Infinity,0.0)	UREAL(Infinity,0.0)	AGREE	
18	URealValue.add(value)	UREAL(0.0,0.0) | UREAL(-Infinity,0.0)	UREAL(-Infinity,0.0)	UREAL(-Infinity,0.0)	AGREE	
19	URealValue.add(value)	UREAL(0.0,0.0) | UREAL(1.0,NaN)	UREAL(1.0,NaN)	UREAL(1.0,NaN)	AGREE	
20	URealValue.add(value)	UREAL(0.0,0.0) | UREAL(1.0,Infinity)	UREAL(1.0,Infinity)	UREAL(1.0,Infinity)	AGREE	
21	URealValue.add(value)	UREAL(0.0,0.0) | UREAL(1.0,-1.0)	UREAL(1.0,1.0)	UREAL(1.0,1.0)	AGREE	
22	URealValue.add(value)	UREAL(0.0,0.0) | UREAL(-46.064505,0.782649)	UREAL(-46.064505,0.782649)	UREAL(-46.064505,0.782649)	AGREE	
23	URealValue.add(value)	UREAL(0.0,0.0) | UREAL(28.230986,0.91554)	UREAL(28.230986,0.91554)	UREAL(28.230986,0.91554)	AGREE	
24	URealValue.add(value)	UREAL(0.0,0.0) | UREAL(47.696811,0.395191)	UREAL(47.696811,0.395191)	UREAL(47.696811,0.395191)	AGREE	
25	URealValue.add(value)	UREAL(0.0,0.0) | UREAL(-61.870069,0.428633)	UREAL(-61.870069,0.428633)	UREAL(-61.870069,0.428633)	AGREE	
26	URealValue.add(value)	UREAL(0.0,0.0) | UREAL(-98.361875,0.358527)	UREAL(-98.361875,0.358527)	UREAL(-98.361875,0.358527)	AGREE	
27	URealValue.add(value)	UREAL(0.0,0.0) | UREAL(37.640335,0.974834)	UREAL(37.640335,0.974834)	UREAL(37.640335,0.974834)	AGREE	
28	URealValue.add(value)	UREAL(0.0,1.0) | UREAL(0.0,0.0)	UREAL(0.0,1.0)	UREAL(0.0,1.0)	AGREE	
29	URealValue.add(value)	UREAL(0.0,1.0) | UREAL(0.0,1.0)	UREAL(0.0,1.4142135623730951)	UREAL(0.0,1.4142135623730951)	AGREE	
30	URealValue.add(value)	UREAL(0.0,1.0) | UREAL(-0.0,0.0)	UREAL(0.0,1.0)	UREAL(0.0,1.0)	AGREE	
31	URealValue.add(value)	UREAL(0.0,1.0) | UREAL(1.0,0.0)	UREAL(1.0,1.0)	UREAL(1.0,1.0)	AGREE	
32	URealValue.add(value)	UREAL(0.0,1.0) | UREAL(1.0,1.0)	UREAL(1.0,1.4142135623730951)	UREAL(1.0,1.4142135623730951)	AGREE	
33	URealValue.add(value)	UREAL(0.0,1.0) | UREAL(-1.0,0.0)	UREAL(-1.0,1.0)	UREAL(-1.0,1.0)	AGREE	
34	URealValue.add(value)	UREAL(0.0,1.0) | UREAL(-1.0,1.0)	UREAL(-1.0,1.4142135623730951)	UREAL(-1.0,1.4142135623730951)	AGREE	
35	URealValue.add(value)	UREAL(0.0,1.0) | UREAL(-1.0,0.5)	UREAL(-1.0,1.118033988749895)	UREAL(-1.0,1.118033988749895)	AGREE	
36	URealValue.add(value)	UREAL(0.0,1.0) | UREAL(0.5,0.5)	UREAL(0.5,1.118033988749895)	UREAL(0.5,1.118033988749895)	AGREE	
37	URealValue.add(value)	UREAL(0.0,1.0) | UREAL(-0.5,0.25)	UREAL(-0.5,1.0307764064044151)	UREAL(-0.5,1.0307764064044151)	AGREE	
38	URealValue.add(value)	UREAL(0.0,1.0) | UREAL(2.0,0.0)	UREAL(2.0,1.0)	UREAL(2.0,1.0)	AGREE	
39	URealValue.add(value)	UREAL(0.0,1.0) | UREAL(100.0,0.001)	UREAL(100.0,1.000000499999875)	UREAL(100.0,1.000000499999875)	AGREE	
40	URealValue.add(value)	UREAL(0.0,1.0) | UREAL(-100.0,0.001)	UREAL(-100.0,1.000000499999875)	UREAL(-100.0,1.000000499999875)	AGREE	
41	URealValue.add(value)	UREAL(0.0,1.0) | UREAL(4.9E-324,0.0)	UREAL(4.9E-324,1.0)	UREAL(4.9E-324,1.0)	AGREE	
42	URealValue.add(value)	UREAL(0.0,1.0) | UREAL(1.7976931348623157E308,0.0)	UREAL(1.7976931348623157E308,1.0)	UREAL(1.7976931348623157E308,1.0)	AGREE	
43	URealValue.add(value)	UREAL(0.0,1.0) | UREAL(-1.7976931348623157E308,0.0)	UREAL(-1.7976931348623157E308,1.0)	UREAL(-1.7976931348623157E308,1.0)	AGREE	
44	URealValue.add(value)	UREAL(0.0,1.0) | UREAL(NaN,0.0)	UREAL(NaN,1.0)	UREAL(NaN,1.0)	AGREE	
45	URealValue.add(value)	UREAL(0.0,1.0) | UREAL(Infinity,0.0)	UREAL(Infinity,1.0)	UREAL(Infinity,1.0)	AGREE	
46	URealValue.add(value)	UREAL(0.0,1.0) | UREAL(-Infinity,0.0)	UREAL(-Infinity,1.0)	UREAL(-Infinity,1.0)	AGREE	
47	URealValue.add(value)	UREAL(0.0,1.0) | UREAL(1.0,NaN)	UREAL(1.0,NaN)	UREAL(1.0,NaN)	AGREE	
48	URealValue.add(value)	UREAL(0.0,1.0) | UREAL(1.0,Infinity)	UREAL(1.0,Infinity)	UREAL(1.0,Infinity)	AGREE	
49	URealValue.add(value)	UREAL(0.0,1.0) | UREAL(1.0,-1.0)	UREAL(1.0,1.4142135623730951)	UREAL(1.0,1.4142135623730951)	AGREE	
50	URealValue.add(value)	UREAL(0.0,1.0) | UREAL(-46.064505,0.782649)	UREAL(-46.064505,1.269858046082711)	UREAL(-46.064505,1.269858046082711)	AGREE	
51	URealValue.add(value)	UREAL(0.0,1.0) | UREAL(28.230986,0.91554)	UREAL(28.230986,1.355807320971531)	UREAL(28.230986,1.355807320971531)	AGREE	
52	URealValue.add(value)	UREAL(0.0,1.0) | UREAL(47.696811,0.395191)	UREAL(47.696811,1.0752562143419586)	UREAL(47.696811,1.0752562143419586)	AGREE	
53	URealValue.add(value)	UREAL(0.0,1.0) | UREAL(-61.870069,0.428633)	UREAL(-61.870069,1.0879918421978172)	UREAL(-61.870069,1.0879918421978172)	AGREE	
54	URealValue.add(value)	UREAL(0.0,1.0) | UREAL(-98.361875,0.358527)	UREAL(-98.361875,1.0623283907196492)	UREAL(-98.361875,1.0623283907196492)	AGREE	
55	URealValue.add(value)	UREAL(0.0,1.0) | UREAL(37.640335,0.974834)	UREAL(37.640335,1.3965318927815433)	UREAL(37.640335,1.3965318927815433)	AGREE	
56	URealValue.add(value)	UREAL(-0.0,0.0) | UREAL(0.0,0.0)	UREAL(0.0,0.0)	UREAL(0.0,0.0)	AGREE	
57	URealValue.add(value)	UREAL(-0.0,0.0) | UREAL(0.0,1.0)	UREAL(0.0,1.0)	UREAL(0.0,1.0)	AGREE	
58	URealValue.add(value)	UREAL(-0.0,0.0) | UREAL(-0.0,0.0)	UREAL(-0.0,0.0)	UREAL(-0.0,0.0)	AGREE	
59	URealValue.add(value)	UREAL(-0.0,0.0) | UREAL(1.0,0.0)	UREAL(1.0,0.0)	UREAL(1.0,0.0)	AGREE	
60	URealValue.add(value)	UREAL(-0.0,0.0) | UREAL(1.0,1.0)	UREAL(1.0,1.0)	UREAL(1.0,1.0)	AGREE	
61	URealValue.add(value)	UREAL(-0.0,0.0) | UREAL(-1.0,0.0)	UREAL(-1.0,0.0)	UREAL(-1.0,0.0)	AGREE	
62	URealValue.add(value)	UREAL(-0.0,0.0) | UREAL(-1.0,1.0)	UREAL(-1.0,1.0)	UREAL(-1.0,1.0)	AGREE	
63	URealValue.add(value)	UREAL(-0.0,0.0) | UREAL(-1.0,0.5)	UREAL(-1.0,0.5)	UREAL(-1.0,0.5)	AGREE	
64	URealValue.add(value)	UREAL(-0.0,0.0) | UREAL(0.5,0.5)	UREAL(0.5,0.5)	UREAL(0.5,0.5)	AGREE	
65	URealValue.add(value)	UREAL(-0.0,0.0) | UREAL(-0.5,0.25)	UREAL(-0.5,0.25)	UREAL(-0.5,0.25)	AGREE	
66	URealValue.add(value)	UREAL(-0.0,0.0) | UREAL(2.0,0.0)	UREAL(2.0,0.0)	UREAL(2.0,0.0)	AGREE	
67	URealValue.add(value)	UREAL(-0.0,0.0) | UREAL(100.0,0.001)	UREAL(100.0,0.001)	UREAL(100.0,0.001)	AGREE	
68	URealValue.add(value)	UREAL(-0.0,0.0) | UREAL(-100.0,0.001)	UREAL(-100.0,0.001)	UREAL(-100.0,0.001)	AGREE	
69	URealValue.add(value)	UREAL(-0.0,0.0) | UREAL(4.9E-324,0.0)	UREAL(4.9E-324,0.0)	UREAL(4.9E-324,0.0)	AGREE	
70	URealValue.add(value)	UREAL(-0.0,0.0) | UREAL(1.7976931348623157E308,0.0)	UREAL(1.7976931348623157E308,0.0)	UREAL(1.7976931348623157E308,0.0)	AGREE	
71	URealValue.add(value)	UREAL(-0.0,0.0) | UREAL(-1.7976931348623157E308,0.0)	UREAL(-1.7976931348623157E308,0.0)	UREAL(-1.7976931348623157E308,0.0)	AGREE	
72	URealValue.add(value)	UREAL(-0.0,0.0) | UREAL(NaN,0.0)	UREAL(NaN,0.0)	UREAL(NaN,0.0)	AGREE	
73	URealValue.add(value)	UREAL(-0.0,0.0) | UREAL(Infinity,0.0)	UREAL(Infinity,0.0)	UREAL(Infinity,0.0)	AGREE	
74	URealValue.add(value)	UREAL(-0.0,0.0) | UREAL(-Infinity,0.0)	UREAL(-Infinity,0.0)	UREAL(-Infinity,0.0)	AGREE	
75	URealValue.add(value)	UREAL(-0.0,0.0) | UREAL(1.0,NaN)	UREAL(1.0,NaN)	UREAL(1.0,NaN)	AGREE	
76	URealValue.add(value)	UREAL(-0.0,0.0) | UREAL(1.0,Infinity)	UREAL(1.0,Infinity)	UREAL(1.0,Infinity)	AGREE	
77	URealValue.add(value)	UREAL(-0.0,0.0) | UREAL(1.0,-1.0)	UREAL(1.0,1.0)	UREAL(1.0,1.0)	AGREE	
78	URealValue.add(value)	UREAL(-0.0,0.0) | UREAL(-46.064505,0.782649)	UREAL(-46.064505,0.782649)	UREAL(-46.064505,0.782649)	AGREE	
79	URealValue.add(value)	UREAL(-0.0,0.0) | UREAL(28.230986,0.91554)	UREAL(28.230986,0.91554)	UREAL(28.230986,0.91554)	AGREE	
80	URealValue.add(value)	UREAL(-0.0,0.0) | UREAL(47.696811,0.395191)	UREAL(47.696811,0.395191)	UREAL(47.696811,0.395191)	AGREE	
81	URealValue.add(value)	UREAL(-0.0,0.0) | UREAL(-61.870069,0.428633)	UREAL(-61.870069,0.428633)	UREAL(-61.870069,0.428633)	AGREE	
82	URealValue.add(value)	UREAL(-0.0,0.0) | UREAL(-98.361875,0.358527)	UREAL(-98.361875,0.358527)	UREAL(-98.361875,0.358527)	AGREE	
83	URealValue.add(value)	UREAL(-0.0,0.0) | UREAL(37.640335,0.974834)	UREAL(37.640335,0.974834)	UREAL(37.640335,0.974834)	AGREE	
84	URealValue.add(value)	UREAL(1.0,0.0) | UREAL(0.0,0.0)	UREAL(1.0,0.0)	UREAL(1.0,0.0)	AGREE	
85	URealValue.add(value)	UREAL(1.0,0.0) | UREAL(0.0,1.0)	UREAL(1.0,1.0)	UREAL(1.0,1.0)	AGREE	
86	URealValue.add(value)	UREAL(1.0,0.0) | UREAL(-0.0,0.0)	UREAL(1.0,0.0)	UREAL(1.0,0.0)	AGREE	
87	URealValue.add(value)	UREAL(1.0,0.0) | UREAL(1.0,0.0)	UREAL(2.0,0.0)	UREAL(2.0,0.0)	AGREE	
88	URealValue.add(value)	UREAL(1.0,0.0) | UREAL(1.0,1.0)	UREAL(2.0,1.0)	UREAL(2.0,1.0)	AGREE	
89	URealValue.add(value)	UREAL(1.0,0.0) | UREAL(-1.0,0.0)	UREAL(0.0,0.0)	UREAL(0.0,0.0)	AGREE	
90	URealValue.add(value)	UREAL(1.0,0.0) | UREAL(-1.0,1.0)	UREAL(0.0,1.0)	UREAL(0.0,1.0)	AGREE	
91	URealValue.add(value)	UREAL(1.0,0.0) | UREAL(-1.0,0.5)	UREAL(0.0,0.5)	UREAL(0.0,0.5)	AGREE	
92	URealValue.add(value)	UREAL(1.0,0.0) | UREAL(0.5,0.5)	UREAL(1.5,0.5)	UREAL(1.5,0.5)	AGREE	
93	URealValue.add(value)	UREAL(1.0,0.0) | UREAL(-0.5,0.25)	UREAL(0.5,0.25)	UREAL(0.5,0.25)	AGREE	
94	URealValue.add(value)	UREAL(1.0,0.0) | UREAL(2.0,0.0)	UREAL(3.0,0.0)	UREAL(3.0,0.0)	AGREE	
95	URealValue.add(value)	UREAL(1.0,0.0) | UREAL(100.0,0.001)	UREAL(101.0,0.001)	UREAL(101.0,0.001)	AGREE	
96	URealValue.add(value)	UREAL(1.0,0.0) | UREAL(-100.0,0.001)	UREAL(-99.0,0.001)	UREAL(-99.0,0.001)	AGREE	
97	URealValue.add(value)	UREAL(1.0,0.0) | UREAL(4.9E-324,0.0)	UREAL(1.0,0.0)	UREAL(1.0,0.0)	AGREE	
98	URealValue.add(value)	UREAL(1.0,0.0) | UREAL(1.7976931348623157E308,0.0)	UREAL(1.7976931348623157E308,0.0)	UREAL(1.7976931348623157E308,0.0)	AGREE	
99	URealValue.add(value)	UREAL(1.0,0.0) | UREAL(-1.7976931348623157E308,0.0)	UREAL(-1.7976931348623157E308,0.0)	UREAL(-1.7976931348623157E308,0.0)	AGREE	
100	URealValue.add(value)	UREAL(1.0,0.0) | UREAL(NaN,0.0)	UREAL(NaN,0.0)	UREAL(NaN,0.0)	AGREE	
101	URealValue.add(value)	UREAL(1.0,0.0) | UREAL(Infinity,0.0)	UREAL(Infinity,0.0)	UREAL(Infinity,0.0)	AGREE	
102	URealValue.add(value)	UREAL(1.0,0.0) | UREAL(-Infinity,0.0)	UREAL(-Infinity,0.0)	UREAL(-Infinity,0.0)	AGREE	
103	URealValue.add(value)	UREAL(1.0,0.0) | UREAL(1.0,NaN)	UREAL(2.0,NaN)	UREAL(2.0,NaN)	AGREE	
104	URealValue.add(value)	UREAL(1.0,0.0) | UREAL(1.0,Infinity)	UREAL(2.0,Infinity)	UREAL(2.0,Infinity)	AGREE	
105	URealValue.add(value)	UREAL(1.0,0.0) | UREAL(1.0,-1.0)	UREAL(2.0,1.0)	UREAL(2.0,1.0)	AGREE	
106	URealValue.add(value)	UREAL(1.0,0.0) | UREAL(-46.064505,0.782649)	UREAL(-45.064505,0.782649)	UREAL(-45.064505,0.782649)	AGREE	
107	URealValue.add(value)	UREAL(1.0,0.0) | UREAL(28.230986,0.91554)	UREAL(29.230986,0.91554)	UREAL(29.230986,0.91554)	AGREE	
108	URealValue.add(value)	UREAL(1.0,0.0) | UREAL(47.696811,0.395191)	UREAL(48.696811,0.395191)	UREAL(48.696811,0.395191)	AGREE	
109	URealValue.add(value)	UREAL(1.0,0.0) | UREAL(-61.870069,0.428633)	UREAL(-60.870069,0.428633)	UREAL(-60.870069,0.428633)	AGREE	
110	URealValue.add(value)	UREAL(1.0,0.0) | UREAL(-98.361875,0.358527)	UREAL(-97.361875,0.358527)	UREAL(-97.361875,0.358527)	AGREE	
111	URealValue.add(value)	UREAL(1.0,0.0) | UREAL(37.640335,0.974834)	UREAL(38.640335,0.974834)	UREAL(38.640335,0.974834)	AGREE	
112	URealValue.add(value)	UREAL(1.0,1.0) | UREAL(0.0,0.0)	UREAL(1.0,1.0)	UREAL(1.0,1.0)	AGREE	
113	URealValue.add(value)	UREAL(1.0,1.0) | UREAL(0.0,1.0)	UREAL(1.0,1.4142135623730951)	UREAL(1.0,1.4142135623730951)	AGREE	
114	URealValue.add(value)	UREAL(1.0,1.0) | UREAL(-0.0,0.0)	UREAL(1.0,1.0)	UREAL(1.0,1.0)	AGREE	
115	URealValue.add(value)	UREAL(1.0,1.0) | UREAL(1.0,0.0)	UREAL(2.0,1.0)	UREAL(2.0,1.0)	AGREE	
116	URealValue.add(value)	UREAL(1.0,1.0) | UREAL(1.0,1.0)	UREAL(2.0,1.4142135623730951)	UREAL(2.0,1.4142135623730951)	AGREE	
117	URealValue.add(value)	UREAL(1.0,1.0) | UREAL(-1.0,0.0)	UREAL(0.0,1.0)	UREAL(0.0,1.0)	AGREE	
118	URealValue.add(value)	UREAL(1.0,1.0) | UREAL(-1.0,1.0)	UREAL(0.0,1.4142135623730951)	UREAL(0.0,1.4142135623730951)	AGREE	
119	URealValue.add(value)	UREAL(1.0,1.0) | UREAL(-1.0,0.5)	UREAL(0.0,1.118033988749895)	UREAL(0.0,1.118033988749895)	AGREE	
120	URealValue.add(value)	UREAL(1.0,1.0) | UREAL(0.5,0.5)	UREAL(1.5,1.118033988749895)	UREAL(1.5,1.118033988749895)	AGREE	
121	URealValue.add(value)	UREAL(1.0,1.0) | UREAL(-0.5,0.25)	UREAL(0.5,1.0307764064044151)	UREAL(0.5,1.0307764064044151)	AGREE	
122	URealValue.add(value)	UREAL(1.0,1.0) | UREAL(2.0,0.0)	UREAL(3.0,1.0)	UREAL(3.0,1.0)	AGREE	
123	URealValue.add(value)	UREAL(1.0,1.0) | UREAL(100.0,0.001)	UREAL(101.0,1.000000499999875)	UREAL(101.0,1.000000499999875)	AGREE	
124	URealValue.add(value)	UREAL(1.0,1.0) | UREAL(-100.0,0.001)	UREAL(-99.0,1.000000499999875)	UREAL(-99.0,1.000000499999875)	AGREE	
125	URealValue.add(value)	UREAL(1.0,1.0) | UREAL(4.9E-324,0.0)	UREAL(1.0,1.0)	UREAL(1.0,1.0)	AGREE	
126	URealValue.add(value)	UREAL(1.0,1.0) | UREAL(1.7976931348623157E308,0.0)	UREAL(1.7976931348623157E308,1.0)	UREAL(1.7976931348623157E308,1.0)	AGREE	
127	URealValue.add(value)	UREAL(1.0,1.0) | UREAL(-1.7976931348623157E308,0.0)	UREAL(-1.7976931348623157E308,1.0)	UREAL(-1.7976931348623157E308,1.0)	AGREE	
128	URealValue.add(value)	UREAL(1.0,1.0) | UREAL(NaN,0.0)	UREAL(NaN,1.0)	UREAL(NaN,1.0)	AGREE	
129	URealValue.add(value)	UREAL(1.0,1.0) | UREAL(Infinity,0.0)	UREAL(Infinity,1.0)	UREAL(Infinity,1.0)	AGREE	
130	URealValue.add(value)	UREAL(1.0,1.0) | UREAL(-Infinity,0.0)	UREAL(-Infinity,1.0)	UREAL(-Infinity,1.0)	AGREE	
131	URealValue.add(value)	UREAL(1.0,1.0) | UREAL(1.0,NaN)	UREAL(2.0,NaN)	UREAL(2.0,NaN)	AGREE	
132	URealValue.add(value)	UREAL(1.0,1.0) | UREAL(1.0,Infinity)	UREAL(2.0,Infinity)	UREAL(2.0,Infinity)	AGREE	
133	URealValue.add(value)	UREAL(1.0,1.0) | UREAL(1.0,-1.0)	UREAL(2.0,1.4142135623730951)	UREAL(2.0,1.4142135623730951)	AGREE	
134	URealValue.add(value)	UREAL(1.0,1.0) | UREAL(-46.064505,0.782649)	UREAL(-45.064505,1.269858046082711)	UREAL(-45.064505,1.269858046082711)	AGREE	
135	URealValue.add(value)	UREAL(1.0,1.0) | UREAL(28.230986,0.91554)	UREAL(29.230986,1.355807320971531)	UREAL(29.230986,1.355807320971531)	AGREE	
136	URealValue.add(value)	UREAL(1.0,1.0) | UREAL(47.696811,0.395191)	UREAL(48.696811,1.0752562143419586)	UREAL(48.696811,1.0752562143419586)	AGREE	
137	URealValue.add(value)	UREAL(1.0,1.0) | UREAL(-61.870069,0.428633)	UREAL(-60.870069,1.0879918421978172)	UREAL(-60.870069,1.0879918421978172)	AGREE	
138	URealValue.add(value)	UREAL(1.0,1.0) | UREAL(-98.361875,0.358527)	UREAL(-97.361875,1.0623283907196492)	UREAL(-97.361875,1.0623283907196492)	AGREE	
139	URealValue.add(value)	UREAL(1.0,1.0) | UREAL(37.640335,0.974834)	UREAL(38.640335,1.3965318927815433)	UREAL(38.640335,1.3965318927815433)	AGREE	
140	URealValue.add(value)	UREAL(-1.0,0.0) | UREAL(0.0,0.0)	UREAL(-1.0,0.0)	UREAL(-1.0,0.0)	AGREE	
141	URealValue.add(value)	UREAL(-1.0,0.0) | UREAL(0.0,1.0)	UREAL(-1.0,1.0)	UREAL(-1.0,1.0)	AGREE	
142	URealValue.add(value)	UREAL(-1.0,0.0) | UREAL(-0.0,0.0)	UREAL(-1.0,0.0)	UREAL(-1.0,0.0)	AGREE	
143	URealValue.add(value)	UREAL(-1.0,0.0) | UREAL(1.0,0.0)	UREAL(0.0,0.0)	UREAL(0.0,0.0)	AGREE	
144	URealValue.add(value)	UREAL(-1.0,0.0) | UREAL(1.0,1.0)	UREAL(0.0,1.0)	UREAL(0.0,1.0)	AGREE	
145	URealValue.add(value)	UREAL(-1.0,0.0) | UREAL(-1.0,0.0)	UREAL(-2.0,0.0)	UREAL(-2.0,0.0)	AGREE	
146	URealValue.add(value)	UREAL(-1.0,0.0) | UREAL(-1.0,1.0)	UREAL(-2.0,1.0)	UREAL(-2.0,1.0)	AGREE	
147	URealValue.add(value)	UREAL(-1.0,0.0) | UREAL(-1.0,0.5)	UREAL(-2.0,0.5)	UREAL(-2.0,0.5)	AGREE	
148	URealValue.add(value)	UREAL(-1.0,0.0) | UREAL(0.5,0.5)	UREAL(-0.5,0.5)	UREAL(-0.5,0.5)	AGREE	
149	URealValue.add(value)	UREAL(-1.0,0.0) | UREAL(-0.5,0.25)	UREAL(-1.5,0.25)	UREAL(-1.5,0.25)	AGREE	
150	URealValue.add(value)	UREAL(-1.0,0.0) | UREAL(2.0,0.0)	UREAL(1.0,0.0)	UREAL(1.0,0.0)	AGREE	
151	URealValue.add(value)	UREAL(-1.0,0.0) | UREAL(100.0,0.001)	UREAL(99.0,0.001)	UREAL(99.0,0.001)	AGREE	
152	URealValue.add(value)	UREAL(-1.0,0.0) | UREAL(-100.0,0.001)	UREAL(-101.0,0.001)	UREAL(-101.0,0.001)	AGREE	
153	URealValue.add(value)	UREAL(-1.0,0.0) | UREAL(4.9E-324,0.0)	UREAL(-1.0,0.0)	UREAL(-1.0,0.0)	AGREE	
154	URealValue.add(value)	UREAL(-1.0,0.0) | UREAL(1.7976931348623157E308,0.0)	UREAL(1.7976931348623157E308,0.0)	UREAL(1.7976931348623157E308,0.0)	AGREE	
155	URealValue.add(value)	UREAL(-1.0,0.0) | UREAL(-1.7976931348623157E308,0.0)	UREAL(-1.7976931348623157E308,0.0)	UREAL(-1.7976931348623157E308,0.0)	AGREE	
156	URealValue.add(value)	UREAL(-1.0,0.0) | UREAL(NaN,0.0)	UREAL(NaN,0.0)	UREAL(NaN,0.0)	AGREE	
157	URealValue.add(value)	UREAL(-1.0,0.0) | UREAL(Infinity,0.0)	UREAL(Infinity,0.0)	UREAL(Infinity,0.0)	AGREE	
158	URealValue.add(value)	UREAL(-1.0,0.0) | UREAL(-Infinity,0.0)	UREAL(-Infinity,0.0)	UREAL(-Infinity,0.0)	AGREE	
159	URealValue.add(value)	UREAL(-1.0,0.0) | UREAL(1.0,NaN)	UREAL(0.0,NaN)	UREAL(0.0,NaN)	AGREE	
160	URealValue.add(value)	UREAL(-1.0,0.0) | UREAL(1.0,Infinity)	UREAL(0.0,Infinity)	UREAL(0.0,Infinity)	AGREE	
161	URealValue.add(value)	UREAL(-1.0,0.0) | UREAL(1.0,-1.0)	UREAL(0.0,1.0)	UREAL(0.0,1.0)	AGREE	
162	URealValue.add(value)	UREAL(-1.0,0.0) | UREAL(-46.064505,0.782649)	UREAL(-47.064505,0.782649)	UREAL(-47.064505,0.782649)	AGREE	
163	URealValue.add(value)	UREAL(-1.0,0.0) | UREAL(28.230986,0.91554)	UREAL(27.230986,0.91554)	UREAL(27.230986,0.91554)	AGREE	
164	URealValue.add(value)	UREAL(-1.0,0.0) | UREAL(47.696811,0.395191)	UREAL(46.696811,0.395191)	UREAL(46.696811,0.395191)	AGREE	
165	URealValue.add(value)	UREAL(-1.0,0.0) | UREAL(-61.870069,0.428633)	UREAL(-62.870069,0.428633)	UREAL(-62.870069,0.428633)	AGREE	
166	URealValue.add(value)	UREAL(-1.0,0.0) | UREAL(-98.361875,0.358527)	UREAL(-99.361875,0.358527)	UREAL(-99.361875,0.358527)	AGREE	
167	URealValue.add(value)	UREAL(-1.0,0.0) | UREAL(37.640335,0.974834)	UREAL(36.640335,0.974834)	UREAL(36.640335,0.974834)	AGREE	
168	URealValue.add(value)	UREAL(-1.0,1.0) | UREAL(0.0,0.0)	UREAL(-1.0,1.0)	UREAL(-1.0,1.0)	AGREE	
169	URealValue.add(value)	UREAL(-1.0,1.0) | UREAL(0.0,1.0)	UREAL(-1.0,1.4142135623730951)	UREAL(-1.0,1.4142135623730951)	AGREE	
170	URealValue.add(value)	UREAL(-1.0,1.0) | UREAL(-0.0,0.0)	UREAL(-1.0,1.0)	UREAL(-1.0,1.0)	AGREE	
171	URealValue.add(value)	UREAL(-1.0,1.0) | UREAL(1.0,0.0)	UREAL(0.0,1.0)	UREAL(0.0,1.0)	AGREE	
172	URealValue.add(value)	UREAL(-1.0,1.0) | UREAL(1.0,1.0)	UREAL(0.0,1.4142135623730951)	UREAL(0.0,1.4142135623730951)	AGREE	
173	URealValue.add(value)	UREAL(-1.0,1.0) | UREAL(-1.0,0.0)	UREAL(-2.0,1.0)	UREAL(-2.0,1.0)	AGREE	
174	URealValue.add(value)	UREAL(-1.0,1.0) | UREAL(-1.0,1.0)	UREAL(-2.0,1.4142135623730951)	UREAL(-2.0,1.4142135623730951)	AGREE	
175	URealValue.add(value)	UREAL(-1.0,1.0) | UREAL(-1.0,0.5)	UREAL(-2.0,1.118033988749895)	UREAL(-2.0,1.118033988749895)	AGREE	
176	URealValue.add(value)	UREAL(-1.0,1.0) | UREAL(0.5,0.5)	UREAL(-0.5,1.118033988749895)	UREAL(-0.5,1.118033988749895)	AGREE	
177	URealValue.add(value)	UREAL(-1.0,1.0) | UREAL(-0.5,0.25)	UREAL(-1.5,1.0307764064044151)	UREAL(-1.5,1.0307764064044151)	AGREE	
178	URealValue.add(value)	UREAL(-1.0,1.0) | UREAL(2.0,0.0)	UREAL(1.0,1.0)	UREAL(1.0,1.0)	AGREE	
179	URealValue.add(value)	UREAL(-1.0,1.0) | UREAL(100.0,0.001)	UREAL(99.0,1.000000499999875)	UREAL(99.0,1.000000499999875)	AGREE	
180	URealValue.add(value)	UREAL(-1.0,1.0) | UREAL(-100.0,0.001)	UREAL(-101.0,1.000000499999875)	UREAL(-101.0,1.000000499999875)	AGREE	
181	URealValue.add(value)	UREAL(-1.0,1.0) | UREAL(4.9E-324,0.0)	UREAL(-1.0,1.0)	UREAL(-1.0,1.0)	AGREE	
182	URealValue.add(value)	UREAL(-1.0,1.0) | UREAL(1.7976931348623157E308,0.0)	UREAL(1.7976931348623157E308,1.0)	UREAL(1.7976931348623157E308,1.0)	AGREE	
183	URealValue.add(value)	UREAL(-1.0,1.0) | UREAL(-1.7976931348623157E308,0.0)	UREAL(-1.7976931348623157E308,1.0)	UREAL(-1.7976931348623157E308,1.0)	AGREE	
184	URealValue.add(value)	UREAL(-1.0,1.0) | UREAL(NaN,0.0)	UREAL(NaN,1.0)	UREAL(NaN,1.0)	AGREE	
185	URealValue.add(value)	UREAL(-1.0,1.0) | UREAL(Infinity,0.0)	UREAL(Infinity,1.0)	UREAL(Infinity,1.0)	AGREE	
186	URealValue.add(value)	UREAL(-1.0,1.0) | UREAL(-Infinity,0.0)	UREAL(-Infinity,1.0)	UREAL(-Infinity,1.0)	AGREE	
187	URealValue.add(value)	UREAL(-1.0,1.0) | UREAL(1.0,NaN)	UREAL(0.0,NaN)	UREAL(0.0,NaN)	AGREE	
188	URealValue.add(value)	UREAL(-1.0,1.0) | UREAL(1.0,Infinity)	UREAL(0.0,Infinity)	UREAL(0.0,Infinity)	AGREE	
189	URealValue.add(value)	UREAL(-1.0,1.0) | UREAL(1.0,-1.0)	UREAL(0.0,1.4142135623730951)	UREAL(0.0,1.4142135623730951)	AGREE	
190	URealValue.add(value)	UREAL(-1.0,1.0) | UREAL(-46.064505,0.782649)	UREAL(-47.064505,1.269858046082711)	UREAL(-47.064505,1.269858046082711)	AGREE	
191	URealValue.add(value)	UREAL(-1.0,1.0) | UREAL(28.230986,0.91554)	UREAL(27.230986,1.355807320971531)	UREAL(27.230986,1.355807320971531)	AGREE	
192	URealValue.add(value)	UREAL(-1.0,1.0) | UREAL(47.696811,0.395191)	UREAL(46.696811,1.0752562143419586)	UREAL(46.696811,1.0752562143419586)	AGREE	
193	URealValue.add(value)	UREAL(-1.0,1.0) | UREAL(-61.870069,0.428633)	UREAL(-62.870069,1.0879918421978172)	UREAL(-62.870069,1.0879918421978172)	AGREE	
194	URealValue.add(value)	UREAL(-1.0,1.0) | UREAL(-98.361875,0.358527)	UREAL(-99.361875,1.0623283907196492)	UREAL(-99.361875,1.0623283907196492)	AGREE	
195	URealValue.add(value)	UREAL(-1.0,1.0) | UREAL(37.640335,0.974834)	UREAL(36.640335,1.3965318927815433)	UREAL(36.640335,1.3965318927815433)	AGREE	
196	URealValue.add(value)	UREAL(-1.0,0.5) | UREAL(0.0,0.0)	UREAL(-1.0,0.5)	UREAL(-1.0,0.5)	AGREE	
197	URealValue.add(value)	UREAL(-1.0,0.5) | UREAL(0.0,1.0)	UREAL(-1.0,1.118033988749895)	UREAL(-1.0,1.118033988749895)	AGREE	
198	URealValue.add(value)	UREAL(-1.0,0.5) | UREAL(-0.0,0.0)	UREAL(-1.0,0.5)	UREAL(-1.0,0.5)	AGREE	
199	URealValue.add(value)	UREAL(-1.0,0.5) | UREAL(1.0,0.0)	UREAL(0.0,0.5)	UREAL(0.0,0.5)	AGREE	
200	URealValue.add(value)	UREAL(-1.0,0.5) | UREAL(1.0,1.0)	UREAL(0.0,1.118033988749895)	UREAL(0.0,1.118033988749895)	AGREE	
201	URealValue.add(value)	UREAL(-1.0,0.5) | UREAL(-1.0,0.0)	UREAL(-2.0,0.5)	UREAL(-2.0,0.5)	AGREE	
202	URealValue.add(value)	UREAL(-1.0,0.5) | UREAL(-1.0,1.0)	UREAL(-2.0,1.118033988749895)	UREAL(-2.0,1.118033988749895)	AGREE	
203	URealValue.add(value)	UREAL(-1.0,0.5) | UREAL(-1.0,0.5)	UREAL(-2.0,0.7071067811865476)	UREAL(-2.0,0.7071067811865476)	AGREE	
204	URealValue.add(value)	UREAL(-1.0,0.5) | UREAL(0.5,0.5)	UREAL(-0.5,0.7071067811865476)	UREAL(-0.5,0.7071067811865476)	AGREE	
205	URealValue.add(value)	UREAL(-1.0,0.5) | UREAL(-0.5,0.25)	UREAL(-1.5,0.5590169943749475)	UREAL(-1.5,0.5590169943749475)	AGREE	
206	URealValue.add(value)	UREAL(-1.0,0.5) | UREAL(2.0,0.0)	UREAL(1.0,0.5)	UREAL(1.0,0.5)	AGREE	
207	URealValue.add(value)	UREAL(-1.0,0.5) | UREAL(100.0,0.001)	UREAL(99.0,0.5000009999989999)	UREAL(99.0,0.5000009999989999)	AGREE	
208	URealValue.add(value)	UREAL(-1.0,0.5) | UREAL(-100.0,0.001)	UREAL(-101.0,0.5000009999989999)	UREAL(-101.0,0.5000009999989999)	AGREE	
209	URealValue.add(value)	UREAL(-1.0,0.5) | UREAL(4.9E-324,0.0)	UREAL(-1.0,0.5)	UREAL(-1.0,0.5)	AGREE	
210	URealValue.add(value)	UREAL(-1.0,0.5) | UREAL(1.7976931348623157E308,0.0)	UREAL(1.7976931348623157E308,0.5)	UREAL(1.7976931348623157E308,0.5)	AGREE	
211	URealValue.add(value)	UREAL(-1.0,0.5) | UREAL(-1.7976931348623157E308,0.0)	UREAL(-1.7976931348623157E308,0.5)	UREAL(-1.7976931348623157E308,0.5)	AGREE	
212	URealValue.add(value)	UREAL(-1.0,0.5) | UREAL(NaN,0.0)	UREAL(NaN,0.5)	UREAL(NaN,0.5)	AGREE	
213	URealValue.add(value)	UREAL(-1.0,0.5) | UREAL(Infinity,0.0)	UREAL(Infinity,0.5)	UREAL(Infinity,0.5)	AGREE	
214	URealValue.add(value)	UREAL(-1.0,0.5) | UREAL(-Infinity,0.0)	UREAL(-Infinity,0.5)	UREAL(-Infinity,0.5)	AGREE	
215	URealValue.add(value)	UREAL(-1.0,0.5) | UREAL(1.0,NaN)	UREAL(0.0,NaN)	UREAL(0.0,NaN)	AGREE	
216	URealValue.add(value)	UREAL(-1.0,0.5) | UREAL(1.0,Infinity)	UREAL(0.0,Infinity)	UREAL(0.0,Infinity)	AGREE	
217	URealValue.add(value)	UREAL(-1.0,0.5) | UREAL(1.0,-1.0)	UREAL(0.0,1.118033988749895)	UREAL(0.0,1.118033988749895)	AGREE	
218	URealValue.add(value)	UREAL(-1.0,0.5) | UREAL(-46.064505,0.782649)	UREAL(-47.064505,0.9287300238503114)	UREAL(-47.064505,0.9287300238503114)	AGREE	
219	URealValue.add(value)	UREAL(-1.0,0.5) | UREAL(28.230986,0.91554)	UREAL(27.230986,1.0431747176767658)	UREAL(27.230986,1.0431747176767658)	AGREE	
220	URealValue.add(value)	UREAL(-1.0,0.5) | UREAL(47.696811,0.395191)	UREAL(46.696811,0.637319328501027)	UREAL(46.696811,0.637319328501027)	AGREE	
221	URealValue.add(value)	UREAL(-1.0,0.5) | UREAL(-61.870069,0.428633)	UREAL(-62.870069,0.6585789616203968)	UREAL(-62.870069,0.6585789616203968)	AGREE	
222	URealValue.add(value)	UREAL(-1.0,0.5) | UREAL(-98.361875,0.358527)	UREAL(-99.361875,0.6152573524379858)	UREAL(-99.361875,0.6152573524379858)	AGREE	
223	URealValue.add(value)	UREAL(-1.0,0.5) | UREAL(37.640335,0.974834)	UREAL(36.640335,1.0955826429603566)	UREAL(36.640335,1.0955826429603566)	AGREE	
224	URealValue.add(value)	UREAL(0.5,0.5) | UREAL(0.0,0.0)	UREAL(0.5,0.5)	UREAL(0.5,0.5)	AGREE	
225	URealValue.add(value)	UREAL(0.5,0.5) | UREAL(0.0,1.0)	UREAL(0.5,1.118033988749895)	UREAL(0.5,1.118033988749895)	AGREE	
226	URealValue.add(value)	UREAL(0.5,0.5) | UREAL(-0.0,0.0)	UREAL(0.5,0.5)	UREAL(0.5,0.5)	AGREE	
227	URealValue.add(value)	UREAL(0.5,0.5) | UREAL(1.0,0.0)	UREAL(1.5,0.5)	UREAL(1.5,0.5)	AGREE	
228	URealValue.add(value)	UREAL(0.5,0.5) | UREAL(1.0,1.0)	UREAL(1.5,1.118033988749895)	UREAL(1.5,1.118033988749895)	AGREE	
229	URealValue.add(value)	UREAL(0.5,0.5) | UREAL(-1.0,0.0)	UREAL(-0.5,0.5)	UREAL(-0.5,0.5)	AGREE	
230	URealValue.add(value)	UREAL(0.5,0.5) | UREAL(-1.0,1.0)	UREAL(-0.5,1.118033988749895)	UREAL(-0.5,1.118033988749895)	AGREE	
231	URealValue.add(value)	UREAL(0.5,0.5) | UREAL(-1.0,0.5)	UREAL(-0.5,0.7071067811865476)	UREAL(-0.5,0.7071067811865476)	AGREE	
232	URealValue.add(value)	UREAL(0.5,0.5) | UREAL(0.5,0.5)	UREAL(1.0,0.7071067811865476)	UREAL(1.0,0.7071067811865476)	AGREE	
233	URealValue.add(value)	UREAL(0.5,0.5) | UREAL(-0.5,0.25)	UREAL(0.0,0.5590169943749475)	UREAL(0.0,0.5590169943749475)	AGREE	
234	URealValue.add(value)	UREAL(0.5,0.5) | UREAL(2.0,0.0)	UREAL(2.5,0.5)	UREAL(2.5,0.5)	AGREE	
235	URealValue.add(value)	UREAL(0.5,0.5) | UREAL(100.0,0.001)	UREAL(100.5,0.5000009999989999)	UREAL(100.5,0.5000009999989999)	AGREE	
236	URealValue.add(value)	UREAL(0.5,0.5) | UREAL(-100.0,0.001)	UREAL(-99.5,0.5000009999989999)	UREAL(-99.5,0.5000009999989999)	AGREE	
237	URealValue.add(value)	UREAL(0.5,0.5) | UREAL(4.9E-324,0.0)	UREAL(0.5,0.5)	UREAL(0.5,0.5)	AGREE	
238	URealValue.add(value)	UREAL(0.5,0.5) | UREAL(1.7976931348623157E308,0.0)	UREAL(1.7976931348623157E308,0.5)	UREAL(1.7976931348623157E308,0.5)	AGREE	
239	URealValue.add(value)	UREAL(0.5,0.5) | UREAL(-1.7976931348623157E308,0.0)	UREAL(-1.7976931348623157E308,0.5)	UREAL(-1.7976931348623157E308,0.5)	AGREE	
240	URealValue.add(value)	UREAL(0.5,0.5) | UREAL(NaN,0.0)	UREAL(NaN,0.5)	UREAL(NaN,0.5)	AGREE	
241	URealValue.add(value)	UREAL(0.5,0.5) | UREAL(Infinity,0.0)	UREAL(Infinity,0.5)	UREAL(Infinity,0.5)	AGREE	
242	URealValue.add(value)	UREAL(0.5,0.5) | UREAL(-Infinity,0.0)	UREAL(-Infinity,0.5)	UREAL(-Infinity,0.5)	AGREE	
243	URealValue.add(value)	UREAL(0.5,0.5) | UREAL(1.0,NaN)	UREAL(1.5,NaN)	UREAL(1.5,NaN)	AGREE	
244	URealValue.add(value)	UREAL(0.5,0.5) | UREAL(1.0,Infinity)	UREAL(1.5,Infinity)	UREAL(1.5,Infinity)	AGREE	
245	URealValue.add(value)	UREAL(0.5,0.5) | UREAL(1.0,-1.0)	UREAL(1.5,1.118033988749895)	UREAL(1.5,1.118033988749895)	AGREE	
246	URealValue.add(value)	UREAL(0.5,0.5) | UREAL(-46.064505,0.782649)	UREAL(-45.564505,0.9287300238503114)	UREAL(-45.564505,0.9287300238503114)	AGREE	
247	URealValue.add(value)	UREAL(0.5,0.5) | UREAL(28.230986,0.91554)	UREAL(28.730986,1.0431747176767658)	UREAL(28.730986,1.0431747176767658)	AGREE	
248	URealValue.add(value)	UREAL(0.5,0.5) | UREAL(47.696811,0.395191)	UREAL(48.196811,0.637319328501027)	UREAL(48.196811,0.637319328501027)	AGREE	
249	URealValue.add(value)	UREAL(0.5,0.5) | UREAL(-61.870069,0.428633)	UREAL(-61.370069,0.6585789616203968)	UREAL(-61.370069,0.6585789616203968)	AGREE	
250	URealValue.add(value)	UREAL(0.5,0.5) | UREAL(-98.361875,0.358527)	UREAL(-97.861875,0.6152573524379858)	UREAL(-97.861875,0.6152573524379858)	AGREE	
251	URealValue.add(value)	UREAL(0.5,0.5) | UREAL(37.640335,0.974834)	UREAL(38.140335,1.0955826429603566)	UREAL(38.140335,1.0955826429603566)	AGREE	
252	URealValue.add(value)	UREAL(-0.5,0.25) | UREAL(0.0,0.0)	UREAL(-0.5,0.25)	UREAL(-0.5,0.25)	AGREE	
253	URealValue.add(value)	UREAL(-0.5,0.25) | UREAL(0.0,1.0)	UREAL(-0.5,1.0307764064044151)	UREAL(-0.5,1.0307764064044151)	AGREE	
254	URealValue.add(value)	UREAL(-0.5,0.25) | UREAL(-0.0,0.0)	UREAL(-0.5,0.25)	UREAL(-0.5,0.25)	AGREE	
255	URealValue.add(value)	UREAL(-0.5,0.25) | UREAL(1.0,0.0)	UREAL(0.5,0.25)	UREAL(0.5,0.25)	AGREE	
256	URealValue.add(value)	UREAL(-0.5,0.25) | UREAL(1.0,1.0)	UREAL(0.5,1.0307764064044151)	UREAL(0.5,1.0307764064044151)	AGREE	
257	URealValue.add(value)	UREAL(-0.5,0.25) | UREAL(-1.0,0.0)	UREAL(-1.5,0.25)	UREAL(-1.5,0.25)	AGREE	
258	URealValue.add(value)	UREAL(-0.5,0.25) | UREAL(-1.0,1.0)	UREAL(-1.5,1.0307764064044151)	UREAL(-1.5,1.0307764064044151)	AGREE	
259	URealValue.add(value)	UREAL(-0.5,0.25) | UREAL(-1.0,0.5)	UREAL(-1.5,0.5590169943749475)	UREAL(-1.5,0.5590169943749475)	AGREE	
260	URealValue.add(value)	UREAL(-0.5,0.25) | UREAL(0.5,0.5)	UREAL(0.0,0.5590169943749475)	UREAL(0.0,0.5590169943749475)	AGREE	
261	URealValue.add(value)	UREAL(-0.5,0.25) | UREAL(-0.5,0.25)	UREAL(-1.0,0.3535533905932738)	UREAL(-1.0,0.3535533905932738)	AGREE	
262	URealValue.add(value)	UREAL(-0.5,0.25) | UREAL(2.0,0.0)	UREAL(1.5,0.25)	UREAL(1.5,0.25)	AGREE	
263	URealValue.add(value)	UREAL(-0.5,0.25) | UREAL(100.0,0.001)	UREAL(99.5,0.25000199999200007)	UREAL(99.5,0.25000199999200007)	AGREE	
264	URealValue.add(value)	UREAL(-0.5,0.25) | UREAL(-100.0,0.001)	UREAL(-100.5,0.25000199999200007)	UREAL(-100.5,0.25000199999200007)	AGREE	
265	URealValue.add(value)	UREAL(-0.5,0.25) | UREAL(4.9E-324,0.0)	UREAL(-0.5,0.25)	UREAL(-0.5,0.25)	AGREE	
266	URealValue.add(value)	UREAL(-0.5,0.25) | UREAL(1.7976931348623157E308,0.0)	UREAL(1.7976931348623157E308,0.25)	UREAL(1.7976931348623157E308,0.25)	AGREE	
267	URealValue.add(value)	UREAL(-0.5,0.25) | UREAL(-1.7976931348623157E308,0.0)	UREAL(-1.7976931348623157E308,0.25)	UREAL(-1.7976931348623157E308,0.25)	AGREE	
268	URealValue.add(value)	UREAL(-0.5,0.25) | UREAL(NaN,0.0)	UREAL(NaN,0.25)	UREAL(NaN,0.25)	AGREE	
269	URealValue.add(value)	UREAL(-0.5,0.25) | UREAL(Infinity,0.0)	UREAL(Infinity,0.25)	UREAL(Infinity,0.25)	AGREE	
270	URealValue.add(value)	UREAL(-0.5,0.25) | UREAL(-Infinity,0.0)	UREAL(-Infinity,0.25)	UREAL(-Infinity,0.25)	AGREE	
271	URealValue.add(value)	UREAL(-0.5,0.25) | UREAL(1.0,NaN)	UREAL(0.5,NaN)	UREAL(0.5,NaN)	AGREE	
272	URealValue.add(value)	UREAL(-0.5,0.25) | UREAL(1.0,Infinity)	UREAL(0.5,Infinity)	UREAL(0.5,Infinity)	AGREE	
273	URealValue.add(value)	UREAL(-0.5,0.25) | UREAL(1.0,-1.0)	UREAL(0.5,1.0307764064044151)	UREAL(0.5,1.0307764064044151)	AGREE	
274	URealValue.add(value)	UREAL(-0.5,0.25) | UREAL(-46.064505,0.782649)	UREAL(-46.564505,0.8216078487946669)	UREAL(-46.564505,0.8216078487946669)	AGREE	
275	URealValue.add(value)	UREAL(-0.5,0.25) | UREAL(28.230986,0.91554)	UREAL(27.730986,0.9490592666425001)	UREAL(27.730986,0.9490592666425001)	AGREE	
276	URealValue.add(value)	UREAL(-0.5,0.25) | UREAL(47.696811,0.395191)	UREAL(47.196811,0.46762797871919515)	UREAL(47.196811,0.46762797871919515)	AGREE	
277	URealValue.add(value)	UREAL(-0.5,0.25) | UREAL(-61.870069,0.428633)	UREAL(-62.370069,0.49621189897965967)	UREAL(-62.370069,0.49621189897965967)	AGREE	
278	URealValue.add(value)	UREAL(-0.5,0.25) | UREAL(-98.361875,0.358527)	UREAL(-98.861875,0.43708306959775967)	UREAL(-98.861875,0.43708306959775967)	AGREE	
279	URealValue.add(value)	UREAL(-0.5,0.25) | UREAL(37.640335,0.974834)	UREAL(37.140335,1.0063803096026869)	UREAL(37.140335,1.0063803096026869)	AGREE	
280	URealValue.add(value)	UREAL(2.0,0.0) | UREAL(0.0,0.0)	UREAL(2.0,0.0)	UREAL(2.0,0.0)	AGREE	
281	URealValue.add(value)	UREAL(2.0,0.0) | UREAL(0.0,1.0)	UREAL(2.0,1.0)	UREAL(2.0,1.0)	AGREE	
282	URealValue.add(value)	UREAL(2.0,0.0) | UREAL(-0.0,0.0)	UREAL(2.0,0.0)	UREAL(2.0,0.0)	AGREE	
283	URealValue.add(value)	UREAL(2.0,0.0) | UREAL(1.0,0.0)	UREAL(3.0,0.0)	UREAL(3.0,0.0)	AGREE	
284	URealValue.add(value)	UREAL(2.0,0.0) | UREAL(1.0,1.0)	UREAL(3.0,1.0)	UREAL(3.0,1.0)	AGREE	
285	URealValue.add(value)	UREAL(2.0,0.0) | UREAL(-1.0,0.0)	UREAL(1.0,0.0)	UREAL(1.0,0.0)	AGREE	
286	URealValue.add(value)	UREAL(2.0,0.0) | UREAL(-1.0,1.0)	UREAL(1.0,1.0)	UREAL(1.0,1.0)	AGREE	
287	URealValue.add(value)	UREAL(2.0,0.0) | UREAL(-1.0,0.5)	UREAL(1.0,0.5)	UREAL(1.0,0.5)	AGREE	
288	URealValue.add(value)	UREAL(2.0,0.0) | UREAL(0.5,0.5)	UREAL(2.5,0.5)	UREAL(2.5,0.5)	AGREE	
289	URealValue.add(value)	UREAL(2.0,0.0) | UREAL(-0.5,0.25)	UREAL(1.5,0.25)	UREAL(1.5,0.25)	AGREE	
290	URealValue.add(value)	UREAL(2.0,0.0) | UREAL(2.0,0.0)	UREAL(4.0,0.0)	UREAL(4.0,0.0)	AGREE	
291	URealValue.add(value)	UREAL(2.0,0.0) | UREAL(100.0,0.001)	UREAL(102.0,0.001)	UREAL(102.0,0.001)	AGREE	
292	URealValue.add(value)	UREAL(2.0,0.0) | UREAL(-100.0,0.001)	UREAL(-98.0,0.001)	UREAL(-98.0,0.001)	AGREE	
293	URealValue.add(value)	UREAL(2.0,0.0) | UREAL(4.9E-324,0.0)	UREAL(2.0,0.0)	UREAL(2.0,0.0)	AGREE	
294	URealValue.add(value)	UREAL(2.0,0.0) | UREAL(1.7976931348623157E308,0.0)	UREAL(1.7976931348623157E308,0.0)	UREAL(1.7976931348623157E308,0.0)	AGREE	
295	URealValue.add(value)	UREAL(2.0,0.0) | UREAL(-1.7976931348623157E308,0.0)	UREAL(-1.7976931348623157E308,0.0)	UREAL(-1.7976931348623157E308,0.0)	AGREE	
296	URealValue.add(value)	UREAL(2.0,0.0) | UREAL(NaN,0.0)	UREAL(NaN,0.0)	UREAL(NaN,0.0)	AGREE	
297	URealValue.add(value)	UREAL(2.0,0.0) | UREAL(Infinity,0.0)	UREAL(Infinity,0.0)	UREAL(Infinity,0.0)	AGREE	
298	URealValue.add(value)	UREAL(2.0,0.0) | UREAL(-Infinity,0.0)	UREAL(-Infinity,0.0)	UREAL(-Infinity,0.0)	AGREE	
299	URealValue.add(value)	UREAL(2.0,0.0) | UREAL(1.0,NaN)	UREAL(3.0,NaN)	UREAL(3.0,NaN)	AGREE	
300	URealValue.add(value)	UREAL(2.0,0.0) | UREAL(1.0,Infinity)	UREAL(3.0,Infinity)	UREAL(3.0,Infinity)	AGREE	
301	URealValue.add(value)	UREAL(2.0,0.0) | UREAL(1.0,-1.0)	UREAL(3.0,1.0)	UREAL(3.0,1.0)	AGREE	
302	URealValue.add(value)	UREAL(2.0,0.0) | UREAL(-46.064505,0.782649)	UREAL(-44.064505,0.782649)	UREAL(-44.064505,0.782649)	AGREE	
303	URealValue.add(value)	UREAL(2.0,0.0) | UREAL(28.230986,0.91554)	UREAL(30.230986,0.91554)	UREAL(30.230986,0.91554)	AGREE	
304	URealValue.add(value)	UREAL(2.0,0.0) | UREAL(47.696811,0.395191)	UREAL(49.696811,0.395191)	UREAL(49.696811,0.395191)	AGREE	
305	URealValue.add(value)	UREAL(2.0,0.0) | UREAL(-61.870069,0.428633)	UREAL(-59.870069,0.428633)	UREAL(-59.870069,0.428633)	AGREE	
306	URealValue.add(value)	UREAL(2.0,0.0) | UREAL(-98.361875,0.358527)	UREAL(-96.361875,0.358527)	UREAL(-96.361875,0.358527)	AGREE	
307	URealValue.add(value)	UREAL(2.0,0.0) | UREAL(37.640335,0.974834)	UREAL(39.640335,0.974834)	UREAL(39.640335,0.974834)	AGREE	
308	URealValue.add(value)	UREAL(100.0,0.001) | UREAL(0.0,0.0)	UREAL(100.0,0.001)	UREAL(100.0,0.001)	AGREE	
309	URealValue.add(value)	UREAL(100.0,0.001) | UREAL(0.0,1.0)	UREAL(100.0,1.000000499999875)	UREAL(100.0,1.000000499999875)	AGREE	
310	URealValue.add(value)	UREAL(100.0,0.001) | UREAL(-0.0,0.0)	UREAL(100.0,0.001)	UREAL(100.0,0.001)	AGREE	
311	URealValue.add(value)	UREAL(100.0,0.001) | UREAL(1.0,0.0)	UREAL(101.0,0.001)	UREAL(101.0,0.001)	AGREE	
312	URealValue.add(value)	UREAL(100.0,0.001) | UREAL(1.0,1.0)	UREAL(101.0,1.000000499999875)	UREAL(101.0,1.000000499999875)	AGREE	
313	URealValue.add(value)	UREAL(100.0,0.001) | UREAL(-1.0,0.0)	UREAL(99.0,0.001)	UREAL(99.0,0.001)	AGREE	
314	URealValue.add(value)	UREAL(100.0,0.001) | UREAL(-1.0,1.0)	UREAL(99.0,1.000000499999875)	UREAL(99.0,1.000000499999875)	AGREE	
315	URealValue.add(value)	UREAL(100.0,0.001) | UREAL(-1.0,0.5)	UREAL(99.0,0.5000009999989999)	UREAL(99.0,0.5000009999989999)	AGREE	
316	URealValue.add(value)	UREAL(100.0,0.001) | UREAL(0.5,0.5)	UREAL(100.5,0.5000009999989999)	UREAL(100.5,0.5000009999989999)	AGREE	
317	URealValue.add(value)	UREAL(100.0,0.001) | UREAL(-0.5,0.25)	UREAL(99.5,0.25000199999200007)	UREAL(99.5,0.25000199999200007)	AGREE	
318	URealValue.add(value)	UREAL(100.0,0.001) | UREAL(2.0,0.0)	UREAL(102.0,0.001)	UREAL(102.0,0.001)	AGREE	
319	URealValue.add(value)	UREAL(100.0,0.001) | UREAL(100.0,0.001)	UREAL(200.0,0.001414213562373095)	UREAL(200.0,0.001414213562373095)	AGREE	
320	URealValue.add(value)	UREAL(100.0,0.001) | UREAL(-100.0,0.001)	UREAL(0.0,0.001414213562373095)	UREAL(0.0,0.001414213562373095)	AGREE	
321	URealValue.add(value)	UREAL(100.0,0.001) | UREAL(4.9E-324,0.0)	UREAL(100.0,0.001)	UREAL(100.0,0.001)	AGREE	
322	URealValue.add(value)	UREAL(100.0,0.001) | UREAL(1.7976931348623157E308,0.0)	UREAL(1.7976931348623157E308,0.001)	UREAL(1.7976931348623157E308,0.001)	AGREE	
323	URealValue.add(value)	UREAL(100.0,0.001) | UREAL(-1.7976931348623157E308,0.0)	UREAL(-1.7976931348623157E308,0.001)	UREAL(-1.7976931348623157E308,0.001)	AGREE	
324	URealValue.add(value)	UREAL(100.0,0.001) | UREAL(NaN,0.0)	UREAL(NaN,0.001)	UREAL(NaN,0.001)	AGREE	
325	URealValue.add(value)	UREAL(100.0,0.001) | UREAL(Infinity,0.0)	UREAL(Infinity,0.001)	UREAL(Infinity,0.001)	AGREE	
326	URealValue.add(value)	UREAL(100.0,0.001) | UREAL(-Infinity,0.0)	UREAL(-Infinity,0.001)	UREAL(-Infinity,0.001)	AGREE	
327	URealValue.add(value)	UREAL(100.0,0.001) | UREAL(1.0,NaN)	UREAL(101.0,NaN)	UREAL(101.0,NaN)	AGREE	
328	URealValue.add(value)	UREAL(100.0,0.001) | UREAL(1.0,Infinity)	UREAL(101.0,Infinity)	UREAL(101.0,Infinity)	AGREE	
329	URealValue.add(value)	UREAL(100.0,0.001) | UREAL(1.0,-1.0)	UREAL(101.0,1.000000499999875)	UREAL(101.0,1.000000499999875)	AGREE	
330	URealValue.add(value)	UREAL(100.0,0.001) | UREAL(-46.064505,0.782649)	UREAL(53.935495,0.7826496388557271)	UREAL(53.935495,0.7826496388557271)	AGREE	
331	URealValue.add(value)	UREAL(100.0,0.001) | UREAL(28.230986,0.91554)	UREAL(128.230986,0.9155405461256209)	UREAL(128.230986,0.9155405461256209)	AGREE	
332	URealValue.add(value)	UREAL(100.0,0.001) | UREAL(47.696811,0.395191)	UREAL(147.696811,0.39519226520897394)	UREAL(147.696811,0.39519226520897394)	AGREE	
333	URealValue.add(value)	UREAL(100.0,0.001) | UREAL(-61.870069,0.428633)	UREAL(38.129931,0.4286341664974923)	UREAL(38.129931,0.4286341664974923)	AGREE	
334	URealValue.add(value)	UREAL(100.0,0.001) | UREAL(-98.361875,0.358527)	UREAL(1.6381250000000023,0.3585283945923949)	UREAL(1.6381250000000023,0.3585283945923949)	AGREE	
335	URealValue.add(value)	UREAL(100.0,0.001) | UREAL(37.640335,0.974834)	UREAL(137.640335,0.9748345129077037)	UREAL(137.640335,0.9748345129077037)	AGREE	
336	URealValue.add(value)	UREAL(-100.0,0.001) | UREAL(0.0,0.0)	UREAL(-100.0,0.001)	UREAL(-100.0,0.001)	AGREE	
337	URealValue.add(value)	UREAL(-100.0,0.001) | UREAL(0.0,1.0)	UREAL(-100.0,1.000000499999875)	UREAL(-100.0,1.000000499999875)	AGREE	
338	URealValue.add(value)	UREAL(-100.0,0.001) | UREAL(-0.0,0.0)	UREAL(-100.0,0.001)	UREAL(-100.0,0.001)	AGREE	
339	URealValue.add(value)	UREAL(-100.0,0.001) | UREAL(1.0,0.0)	UREAL(-99.0,0.001)	UREAL(-99.0,0.001)	AGREE	
340	URealValue.add(value)	UREAL(-100.0,0.001) | UREAL(1.0,1.0)	UREAL(-99.0,1.000000499999875)	UREAL(-99.0,1.000000499999875)	AGREE	
341	URealValue.add(value)	UREAL(-100.0,0.001) | UREAL(-1.0,0.0)	UREAL(-101.0,0.001)	UREAL(-101.0,0.001)	AGREE	
342	URealValue.add(value)	UREAL(-100.0,0.001) | UREAL(-1.0,1.0)	UREAL(-101.0,1.000000499999875)	UREAL(-101.0,1.000000499999875)	AGREE	
343	URealValue.add(value)	UREAL(-100.0,0.001) | UREAL(-1.0,0.5)	UREAL(-101.0,0.5000009999989999)	UREAL(-101.0,0.5000009999989999)	AGREE	
344	URealValue.add(value)	UREAL(-100.0,0.001) | UREAL(0.5,0.5)	UREAL(-99.5,0.5000009999989999)	UREAL(-99.5,0.5000009999989999)	AGREE	
345	URealValue.add(value)	UREAL(-100.0,0.001) | UREAL(-0.5,0.25)	UREAL(-100.5,0.25000199999200007)	UREAL(-100.5,0.25000199999200007)	AGREE	
346	URealValue.add(value)	UREAL(-100.0,0.001) | UREAL(2.0,0.0)	UREAL(-98.0,0.001)	UREAL(-98.0,0.001)	AGREE	
347	URealValue.add(value)	UREAL(-100.0,0.001) | UREAL(100.0,0.001)	UREAL(0.0,0.001414213562373095)	UREAL(0.0,0.001414213562373095)	AGREE	
348	URealValue.add(value)	UREAL(-100.0,0.001) | UREAL(-100.0,0.001)	UREAL(-200.0,0.001414213562373095)	UREAL(-200.0,0.001414213562373095)	AGREE	
349	URealValue.add(value)	UREAL(-100.0,0.001) | UREAL(4.9E-324,0.0)	UREAL(-100.0,0.001)	UREAL(-100.0,0.001)	AGREE	
350	URealValue.add(value)	UREAL(-100.0,0.001) | UREAL(1.7976931348623157E308,0.0)	UREAL(1.7976931348623157E308,0.001)	UREAL(1.7976931348623157E308,0.001)	AGREE	
351	URealValue.add(value)	UREAL(-100.0,0.001) | UREAL(-1.7976931348623157E308,0.0)	UREAL(-1.7976931348623157E308,0.001)	UREAL(-1.7976931348623157E308,0.001)	AGREE	
352	URealValue.add(value)	UREAL(-100.0,0.001) | UREAL(NaN,0.0)	UREAL(NaN,0.001)	UREAL(NaN,0.001)	AGREE	
353	URealValue.add(value)	UREAL(-100.0,0.001) | UREAL(Infinity,0.0)	UREAL(Infinity,0.001)	UREAL(Infinity,0.001)	AGREE	
354	URealValue.add(value)	UREAL(-100.0,0.001) | UREAL(-Infinity,0.0)	UREAL(-Infinity,0.001)	UREAL(-Infinity,0.001)	AGREE	
355	URealValue.add(value)	UREAL(-100.0,0.001) | UREAL(1.0,NaN)	UREAL(-99.0,NaN)	UREAL(-99.0,NaN)	AGREE	
356	URealValue.add(value)	UREAL(-100.0,0.001) | UREAL(1.0,Infinity)	UREAL(-99.0,Infinity)	UREAL(-99.0,Infinity)	AGREE	
357	URealValue.add(value)	UREAL(-100.0,0.001) | UREAL(1.0,-1.0)	UREAL(-99.0,1.000000499999875)	UREAL(-99.0,1.000000499999875)	AGREE	
358	URealValue.add(value)	UREAL(-100.0,0.001) | UREAL(-46.064505,0.782649)	UREAL(-146.064505,0.7826496388557271)	UREAL(-146.064505,0.7826496388557271)	AGREE	
359	URealValue.add(value)	UREAL(-100.0,0.001) | UREAL(28.230986,0.91554)	UREAL(-71.769014,0.9155405461256209)	UREAL(-71.769014,0.9155405461256209)	AGREE	
360	URealValue.add(value)	UREAL(-100.0,0.001) | UREAL(47.696811,0.395191)	UREAL(-52.303189,0.39519226520897394)	UREAL(-52.303189,0.39519226520897394)	AGREE	
361	URealValue.add(value)	UREAL(-100.0,0.001) | UREAL(-61.870069,0.428633)	UREAL(-161.870069,0.4286341664974923)	UREAL(-161.870069,0.4286341664974923)	AGREE	
362	URealValue.add(value)	UREAL(-100.0,0.001) | UREAL(-98.361875,0.358527)	UREAL(-198.361875,0.3585283945923949)	UREAL(-198.361875,0.3585283945923949)	AGREE	
363	URealValue.add(value)	UREAL(-100.0,0.001) | UREAL(37.640335,0.974834)	UREAL(-62.359665,0.9748345129077037)	UREAL(-62.359665,0.9748345129077037)	AGREE	
364	URealValue.add(value)	UREAL(4.9E-324,0.0) | UREAL(0.0,0.0)	UREAL(4.9E-324,0.0)	UREAL(4.9E-324,0.0)	AGREE	
365	URealValue.add(value)	UREAL(4.9E-324,0.0) | UREAL(0.0,1.0)	UREAL(4.9E-324,1.0)	UREAL(4.9E-324,1.0)	AGREE	
366	URealValue.add(value)	UREAL(4.9E-324,0.0) | UREAL(-0.0,0.0)	UREAL(4.9E-324,0.0)	UREAL(4.9E-324,0.0)	AGREE	
367	URealValue.add(value)	UREAL(4.9E-324,0.0) | UREAL(1.0,0.0)	UREAL(1.0,0.0)	UREAL(1.0,0.0)	AGREE	
368	URealValue.add(value)	UREAL(4.9E-324,0.0) | UREAL(1.0,1.0)	UREAL(1.0,1.0)	UREAL(1.0,1.0)	AGREE	
369	URealValue.add(value)	UREAL(4.9E-324,0.0) | UREAL(-1.0,0.0)	UREAL(-1.0,0.0)	UREAL(-1.0,0.0)	AGREE	
370	URealValue.add(value)	UREAL(4.9E-324,0.0) | UREAL(-1.0,1.0)	UREAL(-1.0,1.0)	UREAL(-1.0,1.0)	AGREE	
371	URealValue.add(value)	UREAL(4.9E-324,0.0) | UREAL(-1.0,0.5)	UREAL(-1.0,0.5)	UREAL(-1.0,0.5)	AGREE	
372	URealValue.add(value)	UREAL(4.9E-324,0.0) | UREAL(0.5,0.5)	UREAL(0.5,0.5)	UREAL(0.5,0.5)	AGREE	
373	URealValue.add(value)	UREAL(4.9E-324,0.0) | UREAL(-0.5,0.25)	UREAL(-0.5,0.25)	UREAL(-0.5,0.25)	AGREE	
374	URealValue.add(value)	UREAL(4.9E-324,0.0) | UREAL(2.0,0.0)	UREAL(2.0,0.0)	UREAL(2.0,0.0)	AGREE	
375	URealValue.add(value)	UREAL(4.9E-324,0.0) | UREAL(100.0,0.001)	UREAL(100.0,0.001)	UREAL(100.0,0.001)	AGREE	
376	URealValue.add(value)	UREAL(4.9E-324,0.0) | UREAL(-100.0,0.001)	UREAL(-100.0,0.001)	UREAL(-100.0,0.001)	AGREE	
377	URealValue.add(value)	UREAL(4.9E-324,0.0) | UREAL(4.9E-324,0.0)	UREAL(9.9E-324,0.0)	UREAL(9.9E-324,0.0)	AGREE	
378	URealValue.add(value)	UREAL(4.9E-324,0.0) | UREAL(1.7976931348623157E308,0.0)	UREAL(1.7976931348623157E308,0.0)	UREAL(1.7976931348623157E308,0.0)	AGREE	
379	URealValue.add(value)	UREAL(4.9E-324,0.0) | UREAL(-1.7976931348623157E308,0.0)	UREAL(-1.7976931348623157E308,0.0)	UREAL(-1.7976931348623157E308,0.0)	AGREE	
380	URealValue.add(value)	UREAL(4.9E-324,0.0) | UREAL(NaN,0.0)	UREAL(NaN,0.0)	UREAL(NaN,0.0)	AGREE	
381	URealValue.add(value)	UREAL(4.9E-324,0.0) | UREAL(Infinity,0.0)	UREAL(Infinity,0.0)	UREAL(Infinity,0.0)	AGREE	
382	URealValue.add(value)	UREAL(4.9E-324,0.0) | UREAL(-Infinity,0.0)	UREAL(-Infinity,0.0)	UREAL(-Infinity,0.0)	AGREE	
383	URealValue.add(value)	UREAL(4.9E-324,0.0) | UREAL(1.0,NaN)	UREAL(1.0,NaN)	UREAL(1.0,NaN)	AGREE	
384	URealValue.add(value)	UREAL(4.9E-324,0.0) | UREAL(1.0,Infinity)	UREAL(1.0,Infinity)	UREAL(1.0,Infinity)	AGREE	
385	URealValue.add(value)	UREAL(4.9E-324,0.0) | UREAL(1.0,-1.0)	UREAL(1.0,1.0)	UREAL(1.0,1.0)	AGREE	
386	URealValue.add(value)	UREAL(4.9E-324,0.0) | UREAL(-46.064505,0.782649)	UREAL(-46.064505,0.782649)	UREAL(-46.064505,0.782649)	AGREE	
387	URealValue.add(value)	UREAL(4.9E-324,0.0) | UREAL(28.230986,0.91554)	UREAL(28.230986,0.91554)	UREAL(28.230986,0.91554)	AGREE	
388	URealValue.add(value)	UREAL(4.9E-324,0.0) | UREAL(47.696811,0.395191)	UREAL(47.696811,0.395191)	UREAL(47.696811,0.395191)	AGREE	
389	URealValue.add(value)	UREAL(4.9E-324,0.0) | UREAL(-61.870069,0.428633)	UREAL(-61.870069,0.428633)	UREAL(-61.870069,0.428633)	AGREE	
390	URealValue.add(value)	UREAL(4.9E-324,0.0) | UREAL(-98.361875,0.358527)	UREAL(-98.361875,0.358527)	UREAL(-98.361875,0.358527)	AGREE	
391	URealValue.add(value)	UREAL(4.9E-324,0.0) | UREAL(37.640335,0.974834)	UREAL(37.640335,0.974834)	UREAL(37.640335,0.974834)	AGREE	
392	URealValue.add(value)	UREAL(1.7976931348623157E308,0.0) | UREAL(0.0,0.0)	UREAL(1.7976931348623157E308,0.0)	UREAL(1.7976931348623157E308,0.0)	AGREE	
393	URealValue.add(value)	UREAL(1.7976931348623157E308,0.0) | UREAL(0.0,1.0)	UREAL(1.7976931348623157E308,1.0)	UREAL(1.7976931348623157E308,1.0)	AGREE	
394	URealValue.add(value)	UREAL(1.7976931348623157E308,0.0) | UREAL(-0.0,0.0)	UREAL(1.7976931348623157E308,0.0)	UREAL(1.7976931348623157E308,0.0)	AGREE	
395	URealValue.add(value)	UREAL(1.7976931348623157E308,0.0) | UREAL(1.0,0.0)	UREAL(1.7976931348623157E308,0.0)	UREAL(1.7976931348623157E308,0.0)	AGREE	
396	URealValue.add(value)	UREAL(1.7976931348623157E308,0.0) | UREAL(1.0,1.0)	UREAL(1.7976931348623157E308,1.0)	UREAL(1.7976931348623157E308,1.0)	AGREE	
397	URealValue.add(value)	UREAL(1.7976931348623157E308,0.0) | UREAL(-1.0,0.0)	UREAL(1.7976931348623157E308,0.0)	UREAL(1.7976931348623157E308,0.0)	AGREE	
398	URealValue.add(value)	UREAL(1.7976931348623157E308,0.0) | UREAL(-1.0,1.0)	UREAL(1.7976931348623157E308,1.0)	UREAL(1.7976931348623157E308,1.0)	AGREE	
399	URealValue.add(value)	UREAL(1.7976931348623157E308,0.0) | UREAL(-1.0,0.5)	UREAL(1.7976931348623157E308,0.5)	UREAL(1.7976931348623157E308,0.5)	AGREE	
400	URealValue.add(value)	UREAL(1.7976931348623157E308,0.0) | UREAL(0.5,0.5)	UREAL(1.7976931348623157E308,0.5)	UREAL(1.7976931348623157E308,0.5)	AGREE	
401	URealValue.add(value)	UREAL(1.7976931348623157E308,0.0) | UREAL(-0.5,0.25)	UREAL(1.7976931348623157E308,0.25)	UREAL(1.7976931348623157E308,0.25)	AGREE	
402	URealValue.add(value)	UREAL(1.7976931348623157E308,0.0) | UREAL(2.0,0.0)	UREAL(1.7976931348623157E308,0.0)	UREAL(1.7976931348623157E308,0.0)	AGREE	
403	URealValue.add(value)	UREAL(1.7976931348623157E308,0.0) | UREAL(100.0,0.001)	UREAL(1.7976931348623157E308,0.001)	UREAL(1.7976931348623157E308,0.001)	AGREE	
404	URealValue.add(value)	UREAL(1.7976931348623157E308,0.0) | UREAL(-100.0,0.001)	UREAL(1.7976931348623157E308,0.001)	UREAL(1.7976931348623157E308,0.001)	AGREE	
405	URealValue.add(value)	UREAL(1.7976931348623157E308,0.0) | UREAL(4.9E-324,0.0)	UREAL(1.7976931348623157E308,0.0)	UREAL(1.7976931348623157E308,0.0)	AGREE	
406	URealValue.add(value)	UREAL(1.7976931348623157E308,0.0) | UREAL(1.7976931348623157E308,0.0)	UREAL(Infinity,0.0)	UREAL(Infinity,0.0)	AGREE	
407	URealValue.add(value)	UREAL(1.7976931348623157E308,0.0) | UREAL(-1.7976931348623157E308,0.0)	UREAL(0.0,0.0)	UREAL(0.0,0.0)	AGREE	
408	URealValue.add(value)	UREAL(1.7976931348623157E308,0.0) | UREAL(NaN,0.0)	UREAL(NaN,0.0)	UREAL(NaN,0.0)	AGREE	
409	URealValue.add(value)	UREAL(1.7976931348623157E308,0.0) | UREAL(Infinity,0.0)	UREAL(Infinity,0.0)	UREAL(Infinity,0.0)	AGREE	
410	URealValue.add(value)	UREAL(1.7976931348623157E308,0.0) | UREAL(-Infinity,0.0)	UREAL(-Infinity,0.0)	UREAL(-Infinity,0.0)	AGREE	
411	URealValue.add(value)	UREAL(1.7976931348623157E308,0.0) | UREAL(1.0,NaN)	UREAL(1.7976931348623157E308,NaN)	UREAL(1.7976931348623157E308,NaN)	AGREE	
412	URealValue.add(value)	UREAL(1.7976931348623157E308,0.0) | UREAL(1.0,Infinity)	UREAL(1.7976931348623157E308,Infinity)	UREAL(1.7976931348623157E308,Infinity)	AGREE	
413	URealValue.add(value)	UREAL(1.7976931348623157E308,0.0) | UREAL(1.0,-1.0)	UREAL(1.7976931348623157E308,1.0)	UREAL(1.7976931348623157E308,1.0)	AGREE	
414	URealValue.add(value)	UREAL(1.7976931348623157E308,0.0) | UREAL(-46.064505,0.782649)	UREAL(1.7976931348623157E308,0.782649)	UREAL(1.7976931348623157E308,0.782649)	AGREE	
415	URealValue.add(value)	UREAL(1.7976931348623157E308,0.0) | UREAL(28.230986,0.91554)	UREAL(1.7976931348623157E308,0.91554)	UREAL(1.7976931348623157E308,0.91554)	AGREE	
416	URealValue.add(value)	UREAL(1.7976931348623157E308,0.0) | UREAL(47.696811,0.395191)	UREAL(1.7976931348623157E308,0.395191)	UREAL(1.7976931348623157E308,0.395191)	AGREE	
417	URealValue.add(value)	UREAL(1.7976931348623157E308,0.0) | UREAL(-61.870069,0.428633)	UREAL(1.7976931348623157E308,0.428633)	UREAL(1.7976931348623157E308,0.428633)	AGREE	
418	URealValue.add(value)	UREAL(1.7976931348623157E308,0.0) | UREAL(-98.361875,0.358527)	UREAL(1.7976931348623157E308,0.358527)	UREAL(1.7976931348623157E308,0.358527)	AGREE	
419	URealValue.add(value)	UREAL(1.7976931348623157E308,0.0) | UREAL(37.640335,0.974834)	UREAL(1.7976931348623157E308,0.974834)	UREAL(1.7976931348623157E308,0.974834)	AGREE	
420	URealValue.add(value)	UREAL(-1.7976931348623157E308,0.0) | UREAL(0.0,0.0)	UREAL(-1.7976931348623157E308,0.0)	UREAL(-1.7976931348623157E308,0.0)	AGREE	
421	URealValue.add(value)	UREAL(-1.7976931348623157E308,0.0) | UREAL(0.0,1.0)	UREAL(-1.7976931348623157E308,1.0)	UREAL(-1.7976931348623157E308,1.0)	AGREE	
422	URealValue.add(value)	UREAL(-1.7976931348623157E308,0.0) | UREAL(-0.0,0.0)	UREAL(-1.7976931348623157E308,0.0)	UREAL(-1.7976931348623157E308,0.0)	AGREE	
423	URealValue.add(value)	UREAL(-1.7976931348623157E308,0.0) | UREAL(1.0,0.0)	UREAL(-1.7976931348623157E308,0.0)	UREAL(-1.7976931348623157E308,0.0)	AGREE	
424	URealValue.add(value)	UREAL(-1.7976931348623157E308,0.0) | UREAL(1.0,1.0)	UREAL(-1.7976931348623157E308,1.0)	UREAL(-1.7976931348623157E308,1.0)	AGREE	
425	URealValue.add(value)	UREAL(-1.7976931348623157E308,0.0) | UREAL(-1.0,0.0)	UREAL(-1.7976931348623157E308,0.0)	UREAL(-1.7976931348623157E308,0.0)	AGREE	
426	URealValue.add(value)	UREAL(-1.7976931348623157E308,0.0) | UREAL(-1.0,1.0)	UREAL(-1.7976931348623157E308,1.0)	UREAL(-1.7976931348623157E308,1.0)	AGREE	
427	URealValue.add(value)	UREAL(-1.7976931348623157E308,0.0) | UREAL(-1.0,0.5)	UREAL(-1.7976931348623157E308,0.5)	UREAL(-1.7976931348623157E308,0.5)	AGREE	
428	URealValue.add(value)	UREAL(-1.7976931348623157E308,0.0) | UREAL(0.5,0.5)	UREAL(-1.7976931348623157E308,0.5)	UREAL(-1.7976931348623157E308,0.5)	AGREE	
429	URealValue.add(value)	UREAL(-1.7976931348623157E308,0.0) | UREAL(-0.5,0.25)	UREAL(-1.7976931348623157E308,0.25)	UREAL(-1.7976931348623157E308,0.25)	AGREE	
430	URealValue.add(value)	UREAL(-1.7976931348623157E308,0.0) | UREAL(2.0,0.0)	UREAL(-1.7976931348623157E308,0.0)	UREAL(-1.7976931348623157E308,0.0)	AGREE	
431	URealValue.add(value)	UREAL(-1.7976931348623157E308,0.0) | UREAL(100.0,0.001)	UREAL(-1.7976931348623157E308,0.001)	UREAL(-1.7976931348623157E308,0.001)	AGREE	
432	URealValue.add(value)	UREAL(-1.7976931348623157E308,0.0) | UREAL(-100.0,0.001)	UREAL(-1.7976931348623157E308,0.001)	UREAL(-1.7976931348623157E308,0.001)	AGREE	
433	URealValue.add(value)	UREAL(-1.7976931348623157E308,0.0) | UREAL(4.9E-324,0.0)	UREAL(-1.7976931348623157E308,0.0)	UREAL(-1.7976931348623157E308,0.0)	AGREE	
434	URealValue.add(value)	UREAL(-1.7976931348623157E308,0.0) | UREAL(1.7976931348623157E308,0.0)	UREAL(0.0,0.0)	UREAL(0.0,0.0)	AGREE	
435	URealValue.add(value)	UREAL(-1.7976931348623157E308,0.0) | UREAL(-1.7976931348623157E308,0.0)	UREAL(-Infinity,0.0)	UREAL(-Infinity,0.0)	AGREE	
436	URealValue.add(value)	UREAL(-1.7976931348623157E308,0.0) | UREAL(NaN,0.0)	UREAL(NaN,0.0)	UREAL(NaN,0.0)	AGREE	
437	URealValue.add(value)	UREAL(-1.7976931348623157E308,0.0) | UREAL(Infinity,0.0)	UREAL(Infinity,0.0)	UREAL(Infinity,0.0)	AGREE	
438	URealValue.add(value)	UREAL(-1.7976931348623157E308,0.0) | UREAL(-Infinity,0.0)	UREAL(-Infinity,0.0)	UREAL(-Infinity,0.0)	AGREE	
439	URealValue.add(value)	UREAL(-1.7976931348623157E308,0.0) | UREAL(1.0,NaN)	UREAL(-1.7976931348623157E308,NaN)	UREAL(-1.7976931348623157E308,NaN)	AGREE	
440	URealValue.add(value)	UREAL(-1.7976931348623157E308,0.0) | UREAL(1.0,Infinity)	UREAL(-1.7976931348623157E308,Infinity)	UREAL(-1.7976931348623157E308,Infinity)	AGREE	
441	URealValue.add(value)	UREAL(-1.7976931348623157E308,0.0) | UREAL(1.0,-1.0)	UREAL(-1.7976931348623157E308,1.0)	UREAL(-1.7976931348623157E308,1.0)	AGREE	
442	URealValue.add(value)	UREAL(-1.7976931348623157E308,0.0) | UREAL(-46.064505,0.782649)	UREAL(-1.7976931348623157E308,0.782649)	UREAL(-1.7976931348623157E308,0.782649)	AGREE	
443	URealValue.add(value)	UREAL(-1.7976931348623157E308,0.0) | UREAL(28.230986,0.91554)	UREAL(-1.7976931348623157E308,0.91554)	UREAL(-1.7976931348623157E308,0.91554)	AGREE	
444	URealValue.add(value)	UREAL(-1.7976931348623157E308,0.0) | UREAL(47.696811,0.395191)	UREAL(-1.7976931348623157E308,0.395191)	UREAL(-1.7976931348623157E308,0.395191)	AGREE	
445	URealValue.add(value)	UREAL(-1.7976931348623157E308,0.0) | UREAL(-61.870069,0.428633)	UREAL(-1.7976931348623157E308,0.428633)	UREAL(-1.7976931348623157E308,0.428633)	AGREE	
446	URealValue.add(value)	UREAL(-1.7976931348623157E308,0.0) | UREAL(-98.361875,0.358527)	UREAL(-1.7976931348623157E308,0.358527)	UREAL(-1.7976931348623157E308,0.358527)	AGREE	
447	URealValue.add(value)	UREAL(-1.7976931348623157E308,0.0) | UREAL(37.640335,0.974834)	UREAL(-1.7976931348623157E308,0.974834)	UREAL(-1.7976931348623157E308,0.974834)	AGREE	
448	URealValue.add(value)	UREAL(NaN,0.0) | UREAL(0.0,0.0)	UREAL(NaN,0.0)	UREAL(NaN,0.0)	AGREE	
449	URealValue.add(value)	UREAL(NaN,0.0) | UREAL(0.0,1.0)	UREAL(NaN,1.0)	UREAL(NaN,1.0)	AGREE	
450	URealValue.add(value)	UREAL(NaN,0.0) | UREAL(-0.0,0.0)	UREAL(NaN,0.0)	UREAL(NaN,0.0)	AGREE	
451	URealValue.add(value)	UREAL(NaN,0.0) | UREAL(1.0,0.0)	UREAL(NaN,0.0)	UREAL(NaN,0.0)	AGREE	
452	URealValue.add(value)	UREAL(NaN,0.0) | UREAL(1.0,1.0)	UREAL(NaN,1.0)	UREAL(NaN,1.0)	AGREE	
453	URealValue.add(value)	UREAL(NaN,0.0) | UREAL(-1.0,0.0)	UREAL(NaN,0.0)	UREAL(NaN,0.0)	AGREE	
454	URealValue.add(value)	UREAL(NaN,0.0) | UREAL(-1.0,1.0)	UREAL(NaN,1.0)	UREAL(NaN,1.0)	AGREE	
455	URealValue.add(value)	UREAL(NaN,0.0) | UREAL(-1.0,0.5)	UREAL(NaN,0.5)	UREAL(NaN,0.5)	AGREE	
456	URealValue.add(value)	UREAL(NaN,0.0) | UREAL(0.5,0.5)	UREAL(NaN,0.5)	UREAL(NaN,0.5)	AGREE	
457	URealValue.add(value)	UREAL(NaN,0.0) | UREAL(-0.5,0.25)	UREAL(NaN,0.25)	UREAL(NaN,0.25)	AGREE	
458	URealValue.add(value)	UREAL(NaN,0.0) | UREAL(2.0,0.0)	UREAL(NaN,0.0)	UREAL(NaN,0.0)	AGREE	
459	URealValue.add(value)	UREAL(NaN,0.0) | UREAL(100.0,0.001)	UREAL(NaN,0.001)	UREAL(NaN,0.001)	AGREE	
460	URealValue.add(value)	UREAL(NaN,0.0) | UREAL(-100.0,0.001)	UREAL(NaN,0.001)	UREAL(NaN,0.001)	AGREE	
461	URealValue.add(value)	UREAL(NaN,0.0) | UREAL(4.9E-324,0.0)	UREAL(NaN,0.0)	UREAL(NaN,0.0)	AGREE	
462	URealValue.add(value)	UREAL(NaN,0.0) | UREAL(1.7976931348623157E308,0.0)	UREAL(NaN,0.0)	UREAL(NaN,0.0)	AGREE	
463	URealValue.add(value)	UREAL(NaN,0.0) | UREAL(-1.7976931348623157E308,0.0)	UREAL(NaN,0.0)	UREAL(NaN,0.0)	AGREE	
464	URealValue.add(value)	UREAL(NaN,0.0) | UREAL(NaN,0.0)	UREAL(NaN,0.0)	UREAL(NaN,0.0)	AGREE	
465	URealValue.add(value)	UREAL(NaN,0.0) | UREAL(Infinity,0.0)	UREAL(NaN,0.0)	UREAL(NaN,0.0)	AGREE	
466	URealValue.add(value)	UREAL(NaN,0.0) | UREAL(-Infinity,0.0)	UREAL(NaN,0.0)	UREAL(NaN,0.0)	AGREE	
467	URealValue.add(value)	UREAL(NaN,0.0) | UREAL(1.0,NaN)	UREAL(NaN,NaN)	UREAL(NaN,NaN)	AGREE	
468	URealValue.add(value)	UREAL(NaN,0.0) | UREAL(1.0,Infinity)	UREAL(NaN,Infinity)	UREAL(NaN,Infinity)	AGREE	
469	URealValue.add(value)	UREAL(NaN,0.0) | UREAL(1.0,-1.0)	UREAL(NaN,1.0)	UREAL(NaN,1.0)	AGREE	
470	URealValue.add(value)	UREAL(NaN,0.0) | UREAL(-46.064505,0.782649)	UREAL(NaN,0.782649)	UREAL(NaN,0.782649)	AGREE	
471	URealValue.add(value)	UREAL(NaN,0.0) | UREAL(28.230986,0.91554)	UREAL(NaN,0.91554)	UREAL(NaN,0.91554)	AGREE	
472	URealValue.add(value)	UREAL(NaN,0.0) | UREAL(47.696811,0.395191)	UREAL(NaN,0.395191)	UREAL(NaN,0.395191)	AGREE	
473	URealValue.add(value)	UREAL(NaN,0.0) | UREAL(-61.870069,0.428633)	UREAL(NaN,0.428633)	UREAL(NaN,0.428633)	AGREE	
474	URealValue.add(value)	UREAL(NaN,0.0) | UREAL(-98.361875,0.358527)	UREAL(NaN,0.358527)	UREAL(NaN,0.358527)	AGREE	
475	URealValue.add(value)	UREAL(NaN,0.0) | UREAL(37.640335,0.974834)	UREAL(NaN,0.974834)	UREAL(NaN,0.974834)	AGREE	
476	URealValue.add(value)	UREAL(Infinity,0.0) | UREAL(0.0,0.0)	UREAL(Infinity,0.0)	UREAL(Infinity,0.0)	AGREE	
477	URealValue.add(value)	UREAL(Infinity,0.0) | UREAL(0.0,1.0)	UREAL(Infinity,1.0)	UREAL(Infinity,1.0)	AGREE	
478	URealValue.add(value)	UREAL(Infinity,0.0) | UREAL(-0.0,0.0)	UREAL(Infinity,0.0)	UREAL(Infinity,0.0)	AGREE	
479	URealValue.add(value)	UREAL(Infinity,0.0) | UREAL(1.0,0.0)	UREAL(Infinity,0.0)	UREAL(Infinity,0.0)	AGREE	
480	URealValue.add(value)	UREAL(Infinity,0.0) | UREAL(1.0,1.0)	UREAL(Infinity,1.0)	UREAL(Infinity,1.0)	AGREE	
481	URealValue.add(value)	UREAL(Infinity,0.0) | UREAL(-1.0,0.0)	UREAL(Infinity,0.0)	UREAL(Infinity,0.0)	AGREE	
482	URealValue.add(value)	UREAL(Infinity,0.0) | UREAL(-1.0,1.0)	UREAL(Infinity,1.0)	UREAL(Infinity,1.0)	AGREE	
483	URealValue.add(value)	UREAL(Infinity,0.0) | UREAL(-1.0,0.5)	UREAL(Infinity,0.5)	UREAL(Infinity,0.5)	AGREE	
484	URealValue.add(value)	UREAL(Infinity,0.0) | UREAL(0.5,0.5)	UREAL(Infinity,0.5)	UREAL(Infinity,0.5)	AGREE	
485	URealValue.add(value)	UREAL(Infinity,0.0) | UREAL(-0.5,0.25)	UREAL(Infinity,0.25)	UREAL(Infinity,0.25)	AGREE	
486	URealValue.add(value)	UREAL(Infinity,0.0) | UREAL(2.0,0.0)	UREAL(Infinity,0.0)	UREAL(Infinity,0.0)	AGREE	
487	URealValue.add(value)	UREAL(Infinity,0.0) | UREAL(100.0,0.001)	UREAL(Infinity,0.001)	UREAL(Infinity,0.001)	AGREE	
488	URealValue.add(value)	UREAL(Infinity,0.0) | UREAL(-100.0,0.001)	UREAL(Infinity,0.001)	UREAL(Infinity,0.001)	AGREE	
489	URealValue.add(value)	UREAL(Infinity,0.0) | UREAL(4.9E-324,0.0)	UREAL(Infinity,0.0)	UREAL(Infinity,0.0)	AGREE	
490	URealValue.add(value)	UREAL(Infinity,0.0) | UREAL(1.7976931348623157E308,0.0)	UREAL(Infinity,0.0)	UREAL(Infinity,0.0)	AGREE	
491	URealValue.add(value)	UREAL(Infinity,0.0) | UREAL(-1.7976931348623157E308,0.0)	UREAL(Infinity,0.0)	UREAL(Infinity,0.0)	AGREE	
492	URealValue.add(value)	UREAL(Infinity,0.0) | UREAL(NaN,0.0)	UREAL(NaN,0.0)	UREAL(NaN,0.0)	AGREE	
493	URealValue.add(value)	UREAL(Infinity,0.0) | UREAL(Infinity,0.0)	UREAL(Infinity,0.0)	UREAL(Infinity,0.0)	AGREE	
494	URealValue.add(value)	UREAL(Infinity,0.0) | UREAL(-Infinity,0.0)	UREAL(NaN,0.0)	UREAL(NaN,0.0)	AGREE	
495	URealValue.add(value)	UREAL(Infinity,0.0) | UREAL(1.0,NaN)	UREAL(Infinity,NaN)	UREAL(Infinity,NaN)	AGREE	
496	URealValue.add(value)	UREAL(Infinity,0.0) | UREAL(1.0,Infinity)	UREAL(Infinity,Infinity)	UREAL(Infinity,Infinity)	AGREE	
497	URealValue.add(value)	UREAL(Infinity,0.0) | UREAL(1.0,-1.0)	UREAL(Infinity,1.0)	UREAL(Infinity,1.0)	AGREE	
498	URealValue.add(value)	UREAL(Infinity,0.0) | UREAL(-46.064505,0.782649)	UREAL(Infinity,0.782649)	UREAL(Infinity,0.782649)	AGREE	
499	URealValue.add(value)	UREAL(Infinity,0.0) | UREAL(28.230986,0.91554)	UREAL(Infinity,0.91554)	UREAL(Infinity,0.91554)	AGREE	
500	URealValue.add(value)	UREAL(Infinity,0.0) | UREAL(47.696811,0.395191)	UREAL(Infinity,0.395191)	UREAL(Infinity,0.395191)	AGREE	
501	URealValue.add(value)	UREAL(Infinity,0.0) | UREAL(-61.870069,0.428633)	UREAL(Infinity,0.428633)	UREAL(Infinity,0.428633)	AGREE	
502	URealValue.add(value)	UREAL(Infinity,0.0) | UREAL(-98.361875,0.358527)	UREAL(Infinity,0.358527)	UREAL(Infinity,0.358527)	AGREE	
503	URealValue.add(value)	UREAL(Infinity,0.0) | UREAL(37.640335,0.974834)	UREAL(Infinity,0.974834)	UREAL(Infinity,0.974834)	AGREE	
504	URealValue.add(value)	UREAL(-Infinity,0.0) | UREAL(0.0,0.0)	UREAL(-Infinity,0.0)	UREAL(-Infinity,0.0)	AGREE	
505	URealValue.add(value)	UREAL(-Infinity,0.0) | UREAL(0.0,1.0)	UREAL(-Infinity,1.0)	UREAL(-Infinity,1.0)	AGREE	
506	URealValue.add(value)	UREAL(-Infinity,0.0) | UREAL(-0.0,0.0)	UREAL(-Infinity,0.0)	UREAL(-Infinity,0.0)	AGREE	
507	URealValue.add(value)	UREAL(-Infinity,0.0) | UREAL(1.0,0.0)	UREAL(-Infinity,0.0)	UREAL(-Infinity,0.0)	AGREE	
508	URealValue.add(value)	UREAL(-Infinity,0.0) | UREAL(1.0,1.0)	UREAL(-Infinity,1.0)	UREAL(-Infinity,1.0)	AGREE	
509	URealValue.add(value)	UREAL(-Infinity,0.0) | UREAL(-1.0,0.0)	UREAL(-Infinity,0.0)	UREAL(-Infinity,0.0)	AGREE	
510	URealValue.add(value)	UREAL(-Infinity,0.0) | UREAL(-1.0,1.0)	UREAL(-Infinity,1.0)	UREAL(-Infinity,1.0)	AGREE	
511	URealValue.add(value)	UREAL(-Infinity,0.0) | UREAL(-1.0,0.5)	UREAL(-Infinity,0.5)	UREAL(-Infinity,0.5)	AGREE	
512	URealValue.add(value)	UREAL(-Infinity,0.0) | UREAL(0.5,0.5)	UREAL(-Infinity,0.5)	UREAL(-Infinity,0.5)	AGREE	
513	URealValue.add(value)	UREAL(-Infinity,0.0) | UREAL(-0.5,0.25)	UREAL(-Infinity,0.25)	UREAL(-Infinity,0.25)	AGREE	
514	URealValue.add(value)	UREAL(-Infinity,0.0) | UREAL(2.0,0.0)	UREAL(-Infinity,0.0)	UREAL(-Infinity,0.0)	AGREE	
515	URealValue.add(value)	UREAL(-Infinity,0.0) | UREAL(100.0,0.001)	UREAL(-Infinity,0.001)	UREAL(-Infinity,0.001)	AGREE	
516	URealValue.add(value)	UREAL(-Infinity,0.0) | UREAL(-100.0,0.001)	UREAL(-Infinity,0.001)	UREAL(-Infinity,0.001)	AGREE	
517	URealValue.add(value)	UREAL(-Infinity,0.0) | UREAL(4.9E-324,0.0)	UREAL(-Infinity,0.0)	UREAL(-Infinity,0.0)	AGREE	
518	URealValue.add(value)	UREAL(-Infinity,0.0) | UREAL(1.7976931348623157E308,0.0)	UREAL(-Infinity,0.0)	UREAL(-Infinity,0.0)	AGREE	
519	URealValue.add(value)	UREAL(-Infinity,0.0) | UREAL(-1.7976931348623157E308,0.0)	UREAL(-Infinity,0.0)	UREAL(-Infinity,0.0)	AGREE	
520	URealValue.add(value)	UREAL(-Infinity,0.0) | UREAL(NaN,0.0)	UREAL(NaN,0.0)	UREAL(NaN,0.0)	AGREE	
521	URealValue.add(value)	UREAL(-Infinity,0.0) | UREAL(Infinity,0.0)	UREAL(NaN,0.0)	UREAL(NaN,0.0)	AGREE	
522	URealValue.add(value)	UREAL(-Infinity,0.0) | UREAL(-Infinity,0.0)	UREAL(-Infinity,0.0)	UREAL(-Infinity,0.0)	AGREE	
523	URealValue.add(value)	UREAL(-Infinity,0.0) | UREAL(1.0,NaN)	UREAL(-Infinity,NaN)	UREAL(-Infinity,NaN)	AGREE	
524	URealValue.add(value)	UREAL(-Infinity,0.0) | UREAL(1.0,Infinity)	UREAL(-Infinity,Infinity)	UREAL(-Infinity,Infinity)	AGREE	
525	URealValue.add(value)	UREAL(-Infinity,0.0) | UREAL(1.0,-1.0)	UREAL(-Infinity,1.0)	UREAL(-Infinity,1.0)	AGREE	
526	URealValue.add(value)	UREAL(-Infinity,0.0) | UREAL(-46.064505,0.782649)	UREAL(-Infinity,0.782649)	UREAL(-Infinity,0.782649)	AGREE	
527	URealValue.add(value)	UREAL(-Infinity,0.0) | UREAL(28.230986,0.91554)	UREAL(-Infinity,0.91554)	UREAL(-Infinity,0.91554)	AGREE	
528	URealValue.add(value)	UREAL(-Infinity,0.0) | UREAL(47.696811,0.395191)	UREAL(-Infinity,0.395191)	UREAL(-Infinity,0.395191)	AGREE	
529	URealValue.add(value)	UREAL(-Infinity,0.0) | UREAL(-61.870069,0.428633)	UREAL(-Infinity,0.428633)	UREAL(-Infinity,0.428633)	AGREE	
530	URealValue.add(value)	UREAL(-Infinity,0.0) | UREAL(-98.361875,0.358527)	UREAL(-Infinity,0.358527)	UREAL(-Infinity,0.358527)	AGREE	
531	URealValue.add(value)	UREAL(-Infinity,0.0) | UREAL(37.640335,0.974834)	UREAL(-Infinity,0.974834)	UREAL(-Infinity,0.974834)	AGREE	
532	URealValue.add(value)	UREAL(1.0,NaN) | UREAL(0.0,0.0)	UREAL(1.0,NaN)	UREAL(1.0,NaN)	AGREE	
533	URealValue.add(value)	UREAL(1.0,NaN) | UREAL(0.0,1.0)	UREAL(1.0,NaN)	UREAL(1.0,NaN)	AGREE	
534	URealValue.add(value)	UREAL(1.0,NaN) | UREAL(-0.0,0.0)	UREAL(1.0,NaN)	UREAL(1.0,NaN)	AGREE	
535	URealValue.add(value)	UREAL(1.0,NaN) | UREAL(1.0,0.0)	UREAL(2.0,NaN)	UREAL(2.0,NaN)	AGREE	
536	URealValue.add(value)	UREAL(1.0,NaN) | UREAL(1.0,1.0)	UREAL(2.0,NaN)	UREAL(2.0,NaN)	AGREE	
537	URealValue.add(value)	UREAL(1.0,NaN) | UREAL(-1.0,0.0)	UREAL(0.0,NaN)	UREAL(0.0,NaN)	AGREE	
538	URealValue.add(value)	UREAL(1.0,NaN) | UREAL(-1.0,1.0)	UREAL(0.0,NaN)	UREAL(0.0,NaN)	AGREE	
539	URealValue.add(value)	UREAL(1.0,NaN) | UREAL(-1.0,0.5)	UREAL(0.0,NaN)	UREAL(0.0,NaN)	AGREE	
540	URealValue.add(value)	UREAL(1.0,NaN) | UREAL(0.5,0.5)	UREAL(1.5,NaN)	UREAL(1.5,NaN)	AGREE	
541	URealValue.add(value)	UREAL(1.0,NaN) | UREAL(-0.5,0.25)	UREAL(0.5,NaN)	UREAL(0.5,NaN)	AGREE	
542	URealValue.add(value)	UREAL(1.0,NaN) | UREAL(2.0,0.0)	UREAL(3.0,NaN)	UREAL(3.0,NaN)	AGREE	
543	URealValue.add(value)	UREAL(1.0,NaN) | UREAL(100.0,0.001)	UREAL(101.0,NaN)	UREAL(101.0,NaN)	AGREE	
544	URealValue.add(value)	UREAL(1.0,NaN) | UREAL(-100.0,0.001)	UREAL(-99.0,NaN)	UREAL(-99.0,NaN)	AGREE	
545	URealValue.add(value)	UREAL(1.0,NaN) | UREAL(4.9E-324,0.0)	UREAL(1.0,NaN)	UREAL(1.0,NaN)	AGREE	
546	URealValue.add(value)	UREAL(1.0,NaN) | UREAL(1.7976931348623157E308,0.0)	UREAL(1.7976931348623157E308,NaN)	UREAL(1.7976931348623157E308,NaN)	AGREE	
547	URealValue.add(value)	UREAL(1.0,NaN) | UREAL(-1.7976931348623157E308,0.0)	UREAL(-1.7976931348623157E308,NaN)	UREAL(-1.7976931348623157E308,NaN)	AGREE	
548	URealValue.add(value)	UREAL(1.0,NaN) | UREAL(NaN,0.0)	UREAL(NaN,NaN)	UREAL(NaN,NaN)	AGREE	
549	URealValue.add(value)	UREAL(1.0,NaN) | UREAL(Infinity,0.0)	UREAL(Infinity,NaN)	UREAL(Infinity,NaN)	AGREE	
550	URealValue.add(value)	UREAL(1.0,NaN) | UREAL(-Infinity,0.0)	UREAL(-Infinity,NaN)	UREAL(-Infinity,NaN)	AGREE	
551	URealValue.add(value)	UREAL(1.0,NaN) | UREAL(1.0,NaN)	UREAL(2.0,NaN)	UREAL(2.0,NaN)	AGREE	
552	URealValue.add(value)	UREAL(1.0,NaN) | UREAL(1.0,Infinity)	UREAL(2.0,NaN)	UREAL(2.0,NaN)	AGREE	
553	URealValue.add(value)	UREAL(1.0,NaN) | UREAL(1.0,-1.0)	UREAL(2.0,NaN)	UREAL(2.0,NaN)	AGREE	
554	URealValue.add(value)	UREAL(1.0,NaN) | UREAL(-46.064505,0.782649)	UREAL(-45.064505,NaN)	UREAL(-45.064505,NaN)	AGREE	
555	URealValue.add(value)	UREAL(1.0,NaN) | UREAL(28.230986,0.91554)	UREAL(29.230986,NaN)	UREAL(29.230986,NaN)	AGREE	
556	URealValue.add(value)	UREAL(1.0,NaN) | UREAL(47.696811,0.395191)	UREAL(48.696811,NaN)	UREAL(48.696811,NaN)	AGREE	
557	URealValue.add(value)	UREAL(1.0,NaN) | UREAL(-61.870069,0.428633)	UREAL(-60.870069,NaN)	UREAL(-60.870069,NaN)	AGREE	
558	URealValue.add(value)	UREAL(1.0,NaN) | UREAL(-98.361875,0.358527)	UREAL(-97.361875,NaN)	UREAL(-97.361875,NaN)	AGREE	
559	URealValue.add(value)	UREAL(1.0,NaN) | UREAL(37.640335,0.974834)	UREAL(38.640335,NaN)	UREAL(38.640335,NaN)	AGREE	
560	URealValue.add(value)	UREAL(1.0,Infinity) | UREAL(0.0,0.0)	UREAL(1.0,Infinity)	UREAL(1.0,Infinity)	AGREE	
561	URealValue.add(value)	UREAL(1.0,Infinity) | UREAL(0.0,1.0)	UREAL(1.0,Infinity)	UREAL(1.0,Infinity)	AGREE	
562	URealValue.add(value)	UREAL(1.0,Infinity) | UREAL(-0.0,0.0)	UREAL(1.0,Infinity)	UREAL(1.0,Infinity)	AGREE	
563	URealValue.add(value)	UREAL(1.0,Infinity) | UREAL(1.0,0.0)	UREAL(2.0,Infinity)	UREAL(2.0,Infinity)	AGREE	
564	URealValue.add(value)	UREAL(1.0,Infinity) | UREAL(1.0,1.0)	UREAL(2.0,Infinity)	UREAL(2.0,Infinity)	AGREE	
565	URealValue.add(value)	UREAL(1.0,Infinity) | UREAL(-1.0,0.0)	UREAL(0.0,Infinity)	UREAL(0.0,Infinity)	AGREE	
566	URealValue.add(value)	UREAL(1.0,Infinity) | UREAL(-1.0,1.0)	UREAL(0.0,Infinity)	UREAL(0.0,Infinity)	AGREE	
567	URealValue.add(value)	UREAL(1.0,Infinity) | UREAL(-1.0,0.5)	UREAL(0.0,Infinity)	UREAL(0.0,Infinity)	AGREE	
568	URealValue.add(value)	UREAL(1.0,Infinity) | UREAL(0.5,0.5)	UREAL(1.5,Infinity)	UREAL(1.5,Infinity)	AGREE	
569	URealValue.add(value)	UREAL(1.0,Infinity) | UREAL(-0.5,0.25)	UREAL(0.5,Infinity)	UREAL(0.5,Infinity)	AGREE	
570	URealValue.add(value)	UREAL(1.0,Infinity) | UREAL(2.0,0.0)	UREAL(3.0,Infinity)	UREAL(3.0,Infinity)	AGREE	
571	URealValue.add(value)	UREAL(1.0,Infinity) | UREAL(100.0,0.001)	UREAL(101.0,Infinity)	UREAL(101.0,Infinity)	AGREE	
572	URealValue.add(value)	UREAL(1.0,Infinity) | UREAL(-100.0,0.001)	UREAL(-99.0,Infinity)	UREAL(-99.0,Infinity)	AGREE	
573	URealValue.add(value)	UREAL(1.0,Infinity) | UREAL(4.9E-324,0.0)	UREAL(1.0,Infinity)	UREAL(1.0,Infinity)	AGREE	
574	URealValue.add(value)	UREAL(1.0,Infinity) | UREAL(1.7976931348623157E308,0.0)	UREAL(1.7976931348623157E308,Infinity)	UREAL(1.7976931348623157E308,Infinity)	AGREE	
575	URealValue.add(value)	UREAL(1.0,Infinity) | UREAL(-1.7976931348623157E308,0.0)	UREAL(-1.7976931348623157E308,Infinity)	UREAL(-1.7976931348623157E308,Infinity)	AGREE	
576	URealValue.add(value)	UREAL(1.0,Infinity) | UREAL(NaN,0.0)	UREAL(NaN,Infinity)	UREAL(NaN,Infinity)	AGREE	
577	URealValue.add(value)	UREAL(1.0,Infinity) | UREAL(Infinity,0.0)	UREAL(Infinity,Infinity)	UREAL(Infinity,Infinity)	AGREE	
578	URealValue.add(value)	UREAL(1.0,Infinity) | UREAL(-Infinity,0.0)	UREAL(-Infinity,Infinity)	UREAL(-Infinity,Infinity)	AGREE	
579	URealValue.add(value)	UREAL(1.0,Infinity) | UREAL(1.0,NaN)	UREAL(2.0,NaN)	UREAL(2.0,NaN)	AGREE	
580	URealValue.add(value)	UREAL(1.0,Infinity) | UREAL(1.0,Infinity)	UREAL(2.0,Infinity)	UREAL(2.0,Infinity)	AGREE	
581	URealValue.add(value)	UREAL(1.0,Infinity) | UREAL(1.0,-1.0)	UREAL(2.0,Infinity)	UREAL(2.0,Infinity)	AGREE	
582	URealValue.add(value)	UREAL(1.0,Infinity) | UREAL(-46.064505,0.782649)	UREAL(-45.064505,Infinity)	UREAL(-45.064505,Infinity)	AGREE	
583	URealValue.add(value)	UREAL(1.0,Infinity) | UREAL(28.230986,0.91554)	UREAL(29.230986,Infinity)	UREAL(29.230986,Infinity)	AGREE	
584	URealValue.add(value)	UREAL(1.0,Infinity) | UREAL(47.696811,0.395191)	UREAL(48.696811,Infinity)	UREAL(48.696811,Infinity)	AGREE	
585	URealValue.add(value)	UREAL(1.0,Infinity) | UREAL(-61.870069,0.428633)	UREAL(-60.870069,Infinity)	UREAL(-60.870069,Infinity)	AGREE	
586	URealValue.add(value)	UREAL(1.0,Infinity) | UREAL(-98.361875,0.358527)	UREAL(-97.361875,Infinity)	UREAL(-97.361875,Infinity)	AGREE	
587	URealValue.add(value)	UREAL(1.0,Infinity) | UREAL(37.640335,0.974834)	UREAL(38.640335,Infinity)	UREAL(38.640335,Infinity)	AGREE	
588	URealValue.add(value)	UREAL(1.0,-1.0) | UREAL(0.0,0.0)	UREAL(1.0,1.0)	UREAL(1.0,1.0)	AGREE	
589	URealValue.add(value)	UREAL(1.0,-1.0) | UREAL(0.0,1.0)	UREAL(1.0,1.4142135623730951)	UREAL(1.0,1.4142135623730951)	AGREE	
590	URealValue.add(value)	UREAL(1.0,-1.0) | UREAL(-0.0,0.0)	UREAL(1.0,1.0)	UREAL(1.0,1.0)	AGREE	
591	URealValue.add(value)	UREAL(1.0,-1.0) | UREAL(1.0,0.0)	UREAL(2.0,1.0)	UREAL(2.0,1.0)	AGREE	
592	URealValue.add(value)	UREAL(1.0,-1.0) | UREAL(1.0,1.0)	UREAL(2.0,1.4142135623730951)	UREAL(2.0,1.4142135623730951)	AGREE	
593	URealValue.add(value)	UREAL(1.0,-1.0) | UREAL(-1.0,0.0)	UREAL(0.0,1.0)	UREAL(0.0,1.0)	AGREE	
594	URealValue.add(value)	UREAL(1.0,-1.0) | UREAL(-1.0,1.0)	UREAL(0.0,1.4142135623730951)	UREAL(0.0,1.4142135623730951)	AGREE	
595	URealValue.add(value)	UREAL(1.0,-1.0) | UREAL(-1.0,0.5)	UREAL(0.0,1.118033988749895)	UREAL(0.0,1.118033988749895)	AGREE	
596	URealValue.add(value)	UREAL(1.0,-1.0) | UREAL(0.5,0.5)	UREAL(1.5,1.118033988749895)	UREAL(1.5,1.118033988749895)	AGREE	
597	URealValue.add(value)	UREAL(1.0,-1.0) | UREAL(-0.5,0.25)	UREAL(0.5,1.0307764064044151)	UREAL(0.5,1.0307764064044151)	AGREE	
598	URealValue.add(value)	UREAL(1.0,-1.0) | UREAL(2.0,0.0)	UREAL(3.0,1.0)	UREAL(3.0,1.0)	AGREE	
599	URealValue.add(value)	UREAL(1.0,-1.0) | UREAL(100.0,0.001)	UREAL(101.0,1.000000499999875)	UREAL(101.0,1.000000499999875)	AGREE	
600	URealValue.add(value)	UREAL(1.0,-1.0) | UREAL(-100.0,0.001)	UREAL(-99.0,1.000000499999875)	UREAL(-99.0,1.000000499999875)	AGREE	
601	URealValue.add(value)	UREAL(1.0,-1.0) | UREAL(4.9E-324,0.0)	UREAL(1.0,1.0)	UREAL(1.0,1.0)	AGREE	
602	URealValue.add(value)	UREAL(1.0,-1.0) | UREAL(1.7976931348623157E308,0.0)	UREAL(1.7976931348623157E308,1.0)	UREAL(1.7976931348623157E308,1.0)	AGREE	
603	URealValue.add(value)	UREAL(1.0,-1.0) | UREAL(-1.7976931348623157E308,0.0)	UREAL(-1.7976931348623157E308,1.0)	UREAL(-1.7976931348623157E308,1.0)	AGREE	
604	URealValue.add(value)	UREAL(1.0,-1.0) | UREAL(NaN,0.0)	UREAL(NaN,1.0)	UREAL(NaN,1.0)	AGREE	
605	URealValue.add(value)	UREAL(1.0,-1.0) | UREAL(Infinity,0.0)	UREAL(Infinity,1.0)	UREAL(Infinity,1.0)	AGREE	
606	URealValue.add(value)	UREAL(1.0,-1.0) | UREAL(-Infinity,0.0)	UREAL(-Infinity,1.0)	UREAL(-Infinity,1.0)	AGREE	
607	URealValue.add(value)	UREAL(1.0,-1.0) | UREAL(1.0,NaN)	UREAL(2.0,NaN)	UREAL(2.0,NaN)	AGREE	
608	URealValue.add(value)	UREAL(1.0,-1.0) | UREAL(1.0,Infinity)	UREAL(2.0,Infinity)	UREAL(2.0,Infinity)	AGREE	
609	URealValue.add(value)	UREAL(1.0,-1.0) | UREAL(1.0,-1.0)	UREAL(2.0,1.4142135623730951)	UREAL(2.0,1.4142135623730951)	AGREE	
610	URealValue.add(value)	UREAL(1.0,-1.0) | UREAL(-46.064505,0.782649)	UREAL(-45.064505,1.269858046082711)	UREAL(-45.064505,1.269858046082711)	AGREE	
611	URealValue.add(value)	UREAL(1.0,-1.0) | UREAL(28.230986,0.91554)	UREAL(29.230986,1.355807320971531)	UREAL(29.230986,1.355807320971531)	AGREE	
612	URealValue.add(value)	UREAL(1.0,-1.0) | UREAL(47.696811,0.395191)	UREAL(48.696811,1.0752562143419586)	UREAL(48.696811,1.0752562143419586)	AGREE	
613	URealValue.add(value)	UREAL(1.0,-1.0) | UREAL(-61.870069,0.428633)	UREAL(-60.870069,1.0879918421978172)	UREAL(-60.870069,1.0879918421978172)	AGREE	
614	URealValue.add(value)	UREAL(1.0,-1.0) | UREAL(-98.361875,0.358527)	UREAL(-97.361875,1.0623283907196492)	UREAL(-97.361875,1.0623283907196492)	AGREE	
615	URealValue.add(value)	UREAL(1.0,-1.0) | UREAL(37.640335,0.974834)	UREAL(38.640335,1.3965318927815433)	UREAL(38.640335,1.3965318927815433)	AGREE	
616	URealValue.add(value)	UREAL(-46.064505,0.782649) | UREAL(0.0,0.0)	UREAL(-46.064505,0.782649)	UREAL(-46.064505,0.782649)	AGREE	
617	URealValue.add(value)	UREAL(-46.064505,0.782649) | UREAL(0.0,1.0)	UREAL(-46.064505,1.269858046082711)	UREAL(-46.064505,1.269858046082711)	AGREE	
618	URealValue.add(value)	UREAL(-46.064505,0.782649) | UREAL(-0.0,0.0)	UREAL(-46.064505,0.782649)	UREAL(-46.064505,0.782649)	AGREE	
619	URealValue.add(value)	UREAL(-46.064505,0.782649) | UREAL(1.0,0.0)	UREAL(-45.064505,0.782649)	UREAL(-45.064505,0.782649)	AGREE	
620	URealValue.add(value)	UREAL(-46.064505,0.782649) | UREAL(1.0,1.0)	UREAL(-45.064505,1.269858046082711)	UREAL(-45.064505,1.269858046082711)	AGREE	
621	URealValue.add(value)	UREAL(-46.064505,0.782649) | UREAL(-1.0,0.0)	UREAL(-47.064505,0.782649)	UREAL(-47.064505,0.782649)	AGREE	
622	URealValue.add(value)	UREAL(-46.064505,0.782649) | UREAL(-1.0,1.0)	UREAL(-47.064505,1.269858046082711)	UREAL(-47.064505,1.269858046082711)	AGREE	
623	URealValue.add(value)	UREAL(-46.064505,0.782649) | UREAL(-1.0,0.5)	UREAL(-47.064505,0.9287300238503114)	UREAL(-47.064505,0.9287300238503114)	AGREE	
624	URealValue.add(value)	UREAL(-46.064505,0.782649) | UREAL(0.5,0.5)	UREAL(-45.564505,0.9287300238503114)	UREAL(-45.564505,0.9287300238503114)	AGREE	
625	URealValue.add(value)	UREAL(-46.064505,0.782649) | UREAL(-0.5,0.25)	UREAL(-46.564505,0.8216078487946669)	UREAL(-46.564505,0.8216078487946669)	AGREE	
626	URealValue.add(value)	UREAL(-46.064505,0.782649) | UREAL(2.0,0.0)	UREAL(-44.064505,0.782649)	UREAL(-44.064505,0.782649)	AGREE	
627	URealValue.add(value)	UREAL(-46.064505,0.782649) | UREAL(100.0,0.001)	UREAL(53.935495,0.7826496388557271)	UREAL(53.935495,0.7826496388557271)	AGREE	
628	URealValue.add(value)	UREAL(-46.064505,0.782649) | UREAL(-100.0,0.001)	UREAL(-146.064505,0.7826496388557271)	UREAL(-146.064505,0.7826496388557271)	AGREE	
629	URealValue.add(value)	UREAL(-46.064505,0.782649) | UREAL(4.9E-324,0.0)	UREAL(-46.064505,0.782649)	UREAL(-46.064505,0.782649)	AGREE	
630	URealValue.add(value)	UREAL(-46.064505,0.782649) | UREAL(1.7976931348623157E308,0.0)	UREAL(1.7976931348623157E308,0.782649)	UREAL(1.7976931348623157E308,0.782649)	AGREE	
631	URealValue.add(value)	UREAL(-46.064505,0.782649) | UREAL(-1.7976931348623157E308,0.0)	UREAL(-1.7976931348623157E308,0.782649)	UREAL(-1.7976931348623157E308,0.782649)	AGREE	
632	URealValue.add(value)	UREAL(-46.064505,0.782649) | UREAL(NaN,0.0)	UREAL(NaN,0.782649)	UREAL(NaN,0.782649)	AGREE	
633	URealValue.add(value)	UREAL(-46.064505,0.782649) | UREAL(Infinity,0.0)	UREAL(Infinity,0.782649)	UREAL(Infinity,0.782649)	AGREE	
634	URealValue.add(value)	UREAL(-46.064505,0.782649) | UREAL(-Infinity,0.0)	UREAL(-Infinity,0.782649)	UREAL(-Infinity,0.782649)	AGREE	
635	URealValue.add(value)	UREAL(-46.064505,0.782649) | UREAL(1.0,NaN)	UREAL(-45.064505,NaN)	UREAL(-45.064505,NaN)	AGREE	
636	URealValue.add(value)	UREAL(-46.064505,0.782649) | UREAL(1.0,Infinity)	UREAL(-45.064505,Infinity)	UREAL(-45.064505,Infinity)	AGREE	
637	URealValue.add(value)	UREAL(-46.064505,0.782649) | UREAL(1.0,-1.0)	UREAL(-45.064505,1.269858046082711)	UREAL(-45.064505,1.269858046082711)	AGREE	
638	URealValue.add(value)	UREAL(-46.064505,0.782649) | UREAL(-46.064505,0.782649)	UREAL(-92.12901,1.1068328303777406)	UREAL(-92.12901,1.1068328303777406)	AGREE	
639	URealValue.add(value)	UREAL(-46.064505,0.782649) | UREAL(28.230986,0.91554)	UREAL(-17.833518999999995,1.2044720622750036)	UREAL(-17.833518999999995,1.2044720622750036)	AGREE	
640	URealValue.add(value)	UREAL(-46.064505,0.782649) | UREAL(47.696811,0.395191)	UREAL(1.6323059999999998,0.8767641551078603)	UREAL(1.6323059999999998,0.8767641551078603)	AGREE	
641	URealValue.add(value)	UREAL(-46.064505,0.782649) | UREAL(-61.870069,0.428633)	UREAL(-107.934574,0.8923372153451856)	UREAL(-107.934574,0.8923372153451856)	AGREE	
642	URealValue.add(value)	UREAL(-46.064505,0.782649) | UREAL(-98.361875,0.358527)	UREAL(-144.42638,0.8608606547694)	UREAL(-144.42638,0.8608606547694)	AGREE	
643	URealValue.add(value)	UREAL(-46.064505,0.782649) | UREAL(37.640335,0.974834)	UREAL(-8.424169999999997,1.2501363064710185)	UREAL(-8.424169999999997,1.2501363064710185)	AGREE	
644	URealValue.add(value)	UREAL(28.230986,0.91554) | UREAL(0.0,0.0)	UREAL(28.230986,0.91554)	UREAL(28.230986,0.91554)	AGREE	
645	URealValue.add(value)	UREAL(28.230986,0.91554) | UREAL(0.0,1.0)	UREAL(28.230986,1.355807320971531)	UREAL(28.230986,1.355807320971531)	AGREE	
646	URealValue.add(value)	UREAL(28.230986,0.91554) | UREAL(-0.0,0.0)	UREAL(28.230986,0.91554)	UREAL(28.230986,0.91554)	AGREE	
647	URealValue.add(value)	UREAL(28.230986,0.91554) | UREAL(1.0,0.0)	UREAL(29.230986,0.91554)	UREAL(29.230986,0.91554)	AGREE	
648	URealValue.add(value)	UREAL(28.230986,0.91554) | UREAL(1.0,1.0)	UREAL(29.230986,1.355807320971531)	UREAL(29.230986,1.355807320971531)	AGREE	
649	URealValue.add(value)	UREAL(28.230986,0.91554) | UREAL(-1.0,0.0)	UREAL(27.230986,0.91554)	UREAL(27.230986,0.91554)	AGREE	
650	URealValue.add(value)	UREAL(28.230986,0.91554) | UREAL(-1.0,1.0)	UREAL(27.230986,1.355807320971531)	UREAL(27.230986,1.355807320971531)	AGREE	
651	URealValue.add(value)	UREAL(28.230986,0.91554) | UREAL(-1.0,0.5)	UREAL(27.230986,1.0431747176767658)	UREAL(27.230986,1.0431747176767658)	AGREE	
652	URealValue.add(value)	UREAL(28.230986,0.91554) | UREAL(0.5,0.5)	UREAL(28.730986,1.0431747176767658)	UREAL(28.730986,1.0431747176767658)	AGREE	
653	URealValue.add(value)	UREAL(28.230986,0.91554) | UREAL(-0.5,0.25)	UREAL(27.730986,0.9490592666425001)	UREAL(27.730986,0.9490592666425001)	AGREE	
654	URealValue.add(value)	UREAL(28.230986,0.91554) | UREAL(2.0,0.0)	UREAL(30.230986,0.91554)	UREAL(30.230986,0.91554)	AGREE	
655	URealValue.add(value)	UREAL(28.230986,0.91554) | UREAL(100.0,0.001)	UREAL(128.230986,0.9155405461256209)	UREAL(128.230986,0.9155405461256209)	AGREE	
656	URealValue.add(value)	UREAL(28.230986,0.91554) | UREAL(-100.0,0.001)	UREAL(-71.769014,0.9155405461256209)	UREAL(-71.769014,0.9155405461256209)	AGREE	
657	URealValue.add(value)	UREAL(28.230986,0.91554) | UREAL(4.9E-324,0.0)	UREAL(28.230986,0.91554)	UREAL(28.230986,0.91554)	AGREE	
658	URealValue.add(value)	UREAL(28.230986,0.91554) | UREAL(1.7976931348623157E308,0.0)	UREAL(1.7976931348623157E308,0.91554)	UREAL(1.7976931348623157E308,0.91554)	AGREE	
659	URealValue.add(value)	UREAL(28.230986,0.91554) | UREAL(-1.7976931348623157E308,0.0)	UREAL(-1.7976931348623157E308,0.91554)	UREAL(-1.7976931348623157E308,0.91554)	AGREE	
660	URealValue.add(value)	UREAL(28.230986,0.91554) | UREAL(NaN,0.0)	UREAL(NaN,0.91554)	UREAL(NaN,0.91554)	AGREE	
661	URealValue.add(value)	UREAL(28.230986,0.91554) | UREAL(Infinity,0.0)	UREAL(Infinity,0.91554)	UREAL(Infinity,0.91554)	AGREE	
662	URealValue.add(value)	UREAL(28.230986,0.91554) | UREAL(-Infinity,0.0)	UREAL(-Infinity,0.91554)	UREAL(-Infinity,0.91554)	AGREE	
663	URealValue.add(value)	UREAL(28.230986,0.91554) | UREAL(1.0,NaN)	UREAL(29.230986,NaN)	UREAL(29.230986,NaN)	AGREE	
664	URealValue.add(value)	UREAL(28.230986,0.91554) | UREAL(1.0,Infinity)	UREAL(29.230986,Infinity)	UREAL(29.230986,Infinity)	AGREE	
665	URealValue.add(value)	UREAL(28.230986,0.91554) | UREAL(1.0,-1.0)	UREAL(29.230986,1.355807320971531)	UREAL(29.230986,1.355807320971531)	AGREE	
666	URealValue.add(value)	UREAL(28.230986,0.91554) | UREAL(-46.064505,0.782649)	UREAL(-17.833518999999995,1.2044720622750036)	UREAL(-17.833518999999995,1.2044720622750036)	AGREE	
667	URealValue.add(value)	UREAL(28.230986,0.91554) | UREAL(28.230986,0.91554)	UREAL(56.461972,1.2947690848950635)	UREAL(56.461972,1.2947690848950635)	AGREE	
668	URealValue.add(value)	UREAL(28.230986,0.91554) | UREAL(47.696811,0.395191)	UREAL(75.927797,0.9971907631346171)	UREAL(75.927797,0.9971907631346171)	AGREE	
669	URealValue.add(value)	UREAL(28.230986,0.91554) | UREAL(-61.870069,0.428633)	UREAL(-33.639083,1.0109103522513754)	UREAL(-33.639083,1.0109103522513754)	AGREE	
670	URealValue.add(value)	UREAL(28.230986,0.91554) | UREAL(-98.361875,0.358527)	UREAL(-70.130889,0.9832370524593751)	UREAL(-70.130889,0.9832370524593751)	AGREE	
671	URealValue.add(value)	UREAL(28.230986,0.91554) | UREAL(37.640335,0.974834)	UREAL(65.871321,1.3373536627070641)	UREAL(65.871321,1.3373536627070641)	AGREE	
672	URealValue.add(value)	UREAL(47.696811,0.395191) | UREAL(0.0,0.0)	UREAL(47.696811,0.395191)	UREAL(47.696811,0.395191)	AGREE	
673	URealValue.add(value)	UREAL(47.696811,0.395191) | UREAL(0.0,1.0)	UREAL(47.696811,1.0752562143419586)	UREAL(47.696811,1.0752562143419586)	AGREE	
674	URealValue.add(value)	UREAL(47.696811,0.395191) | UREAL(-0.0,0.0)	UREAL(47.696811,0.395191)	UREAL(47.696811,0.395191)	AGREE	
675	URealValue.add(value)	UREAL(47.696811,0.395191) | UREAL(1.0,0.0)	UREAL(48.696811,0.395191)	UREAL(48.696811,0.395191)	AGREE	
676	URealValue.add(value)	UREAL(47.696811,0.395191) | UREAL(1.0,1.0)	UREAL(48.696811,1.0752562143419586)	UREAL(48.696811,1.0752562143419586)	AGREE	
677	URealValue.add(value)	UREAL(47.696811,0.395191) | UREAL(-1.0,0.0)	UREAL(46.696811,0.395191)	UREAL(46.696811,0.395191)	AGREE	
678	URealValue.add(value)	UREAL(47.696811,0.395191) | UREAL(-1.0,1.0)	UREAL(46.696811,1.0752562143419586)	UREAL(46.696811,1.0752562143419586)	AGREE	
679	URealValue.add(value)	UREAL(47.696811,0.395191) | UREAL(-1.0,0.5)	UREAL(46.696811,0.637319328501027)	UREAL(46.696811,0.637319328501027)	AGREE	
680	URealValue.add(value)	UREAL(47.696811,0.395191) | UREAL(0.5,0.5)	UREAL(48.196811,0.637319328501027)	UREAL(48.196811,0.637319328501027)	AGREE	
681	URealValue.add(value)	UREAL(47.696811,0.395191) | UREAL(-0.5,0.25)	UREAL(47.196811,0.46762797871919515)	UREAL(47.196811,0.46762797871919515)	AGREE	
682	URealValue.add(value)	UREAL(47.696811,0.395191) | UREAL(2.0,0.0)	UREAL(49.696811,0.395191)	UREAL(49.696811,0.395191)	AGREE	
683	URealValue.add(value)	UREAL(47.696811,0.395191) | UREAL(100.0,0.001)	UREAL(147.696811,0.39519226520897394)	UREAL(147.696811,0.39519226520897394)	AGREE	
684	URealValue.add(value)	UREAL(47.696811,0.395191) | UREAL(-100.0,0.001)	UREAL(-52.303189,0.39519226520897394)	UREAL(-52.303189,0.39519226520897394)	AGREE	
685	URealValue.add(value)	UREAL(47.696811,0.395191) | UREAL(4.9E-324,0.0)	UREAL(47.696811,0.395191)	UREAL(47.696811,0.395191)	AGREE	
686	URealValue.add(value)	UREAL(47.696811,0.395191) | UREAL(1.7976931348623157E308,0.0)	UREAL(1.7976931348623157E308,0.395191)	UREAL(1.7976931348623157E308,0.395191)	AGREE	
687	URealValue.add(value)	UREAL(47.696811,0.395191) | UREAL(-1.7976931348623157E308,0.0)	UREAL(-1.7976931348623157E308,0.395191)	UREAL(-1.7976931348623157E308,0.395191)	AGREE	
688	URealValue.add(value)	UREAL(47.696811,0.395191) | UREAL(NaN,0.0)	UREAL(NaN,0.395191)	UREAL(NaN,0.395191)	AGREE	
689	URealValue.add(value)	UREAL(47.696811,0.395191) | UREAL(Infinity,0.0)	UREAL(Infinity,0.395191)	UREAL(Infinity,0.395191)	AGREE	
690	URealValue.add(value)	UREAL(47.696811,0.395191) | UREAL(-Infinity,0.0)	UREAL(-Infinity,0.395191)	UREAL(-Infinity,0.395191)	AGREE	
691	URealValue.add(value)	UREAL(47.696811,0.395191) | UREAL(1.0,NaN)	UREAL(48.696811,NaN)	UREAL(48.696811,NaN)	AGREE	
692	URealValue.add(value)	UREAL(47.696811,0.395191) | UREAL(1.0,Infinity)	UREAL(48.696811,Infinity)	UREAL(48.696811,Infinity)	AGREE	
693	URealValue.add(value)	UREAL(47.696811,0.395191) | UREAL(1.0,-1.0)	UREAL(48.696811,1.0752562143419586)	UREAL(48.696811,1.0752562143419586)	AGREE	
694	URealValue.add(value)	UREAL(47.696811,0.395191) | UREAL(-46.064505,0.782649)	UREAL(1.6323059999999998,0.8767641551078603)	UREAL(1.6323059999999998,0.8767641551078603)	AGREE	
695	URealValue.add(value)	UREAL(47.696811,0.395191) | UREAL(28.230986,0.91554)	UREAL(75.927797,0.9971907631346171)	UREAL(75.927797,0.9971907631346171)	AGREE	
696	URealValue.add(value)	UREAL(47.696811,0.395191) | UREAL(47.696811,0.395191)	UREAL(95.393622,0.5588844719277858)	UREAL(95.393622,0.5588844719277858)	AGREE	
697	URealValue.add(value)	UREAL(47.696811,0.395191) | UREAL(-61.870069,0.428633)	UREAL(-14.173258000000004,0.5830112993501927)	UREAL(-14.173258000000004,0.5830112993501927)	AGREE	
698	URealValue.add(value)	UREAL(47.696811,0.395191) | UREAL(-98.361875,0.358527)	UREAL(-50.665064,0.5335892954417283)	UREAL(-50.665064,0.5335892954417283)	AGREE	
699	URealValue.add(value)	UREAL(47.696811,0.395191) | UREAL(37.640335,0.974834)	UREAL(85.33714599999999,1.051892225485577)	UREAL(85.33714599999999,1.051892225485577)	AGREE	
700	URealValue.add(value)	UREAL(-61.870069,0.428633) | UREAL(0.0,0.0)	UREAL(-61.870069,0.428633)	UREAL(-61.870069,0.428633)	AGREE	
701	URealValue.add(value)	UREAL(-61.870069,0.428633) | UREAL(0.0,1.0)	UREAL(-61.870069,1.0879918421978172)	UREAL(-61.870069,1.0879918421978172)	AGREE	
702	URealValue.add(value)	UREAL(-61.870069,0.428633) | UREAL(-0.0,0.0)	UREAL(-61.870069,0.428633)	UREAL(-61.870069,0.428633)	AGREE	
703	URealValue.add(value)	UREAL(-61.870069,0.428633) | UREAL(1.0,0.0)	UREAL(-60.870069,0.428633)	UREAL(-60.870069,0.428633)	AGREE	
704	URealValue.add(value)	UREAL(-61.870069,0.428633) | UREAL(1.0,1.0)	UREAL(-60.870069,1.0879918421978172)	UREAL(-60.870069,1.0879918421978172)	AGREE	
705	URealValue.add(value)	UREAL(-61.870069,0.428633) | UREAL(-1.0,0.0)	UREAL(-62.870069,0.428633)	UREAL(-62.870069,0.428633)	AGREE	
706	URealValue.add(value)	UREAL(-61.870069,0.428633) | UREAL(-1.0,1.0)	UREAL(-62.870069,1.0879918421978172)	UREAL(-62.870069,1.0879918421978172)	AGREE	
707	URealValue.add(value)	UREAL(-61.870069,0.428633) | UREAL(-1.0,0.5)	UREAL(-62.870069,0.6585789616203968)	UREAL(-62.870069,0.6585789616203968)	AGREE	
708	URealValue.add(value)	UREAL(-61.870069,0.428633) | UREAL(0.5,0.5)	UREAL(-61.370069,0.6585789616203968)	UREAL(-61.370069,0.6585789616203968)	AGREE	
709	URealValue.add(value)	UREAL(-61.870069,0.428633) | UREAL(-0.5,0.25)	UREAL(-62.370069,0.49621189897965967)	UREAL(-62.370069,0.49621189897965967)	AGREE	
710	URealValue.add(value)	UREAL(-61.870069,0.428633) | UREAL(2.0,0.0)	UREAL(-59.870069,0.428633)	UREAL(-59.870069,0.428633)	AGREE	
711	URealValue.add(value)	UREAL(-61.870069,0.428633) | UREAL(100.0,0.001)	UREAL(38.129931,0.4286341664974923)	UREAL(38.129931,0.4286341664974923)	AGREE	
712	URealValue.add(value)	UREAL(-61.870069,0.428633) | UREAL(-100.0,0.001)	UREAL(-161.870069,0.4286341664974923)	UREAL(-161.870069,0.4286341664974923)	AGREE	
713	URealValue.add(value)	UREAL(-61.870069,0.428633) | UREAL(4.9E-324,0.0)	UREAL(-61.870069,0.428633)	UREAL(-61.870069,0.428633)	AGREE	
714	URealValue.add(value)	UREAL(-61.870069,0.428633) | UREAL(1.7976931348623157E308,0.0)	UREAL(1.7976931348623157E308,0.428633)	UREAL(1.7976931348623157E308,0.428633)	AGREE	
715	URealValue.add(value)	UREAL(-61.870069,0.428633) | UREAL(-1.7976931348623157E308,0.0)	UREAL(-1.7976931348623157E308,0.428633)	UREAL(-1.7976931348623157E308,0.428633)	AGREE	
716	URealValue.add(value)	UREAL(-61.870069,0.428633) | UREAL(NaN,0.0)	UREAL(NaN,0.428633)	UREAL(NaN,0.428633)	AGREE	
717	URealValue.add(value)	UREAL(-61.870069,0.428633) | UREAL(Infinity,0.0)	UREAL(Infinity,0.428633)	UREAL(Infinity,0.428633)	AGREE	
718	URealValue.add(value)	UREAL(-61.870069,0.428633) | UREAL(-Infinity,0.0)	UREAL(-Infinity,0.428633)	UREAL(-Infinity,0.428633)	AGREE	
719	URealValue.add(value)	UREAL(-61.870069,0.428633) | UREAL(1.0,NaN)	UREAL(-60.870069,NaN)	UREAL(-60.870069,NaN)	AGREE	
720	URealValue.add(value)	UREAL(-61.870069,0.428633) | UREAL(1.0,Infinity)	UREAL(-60.870069,Infinity)	UREAL(-60.870069,Infinity)	AGREE	
721	URealValue.add(value)	UREAL(-61.870069,0.428633) | UREAL(1.0,-1.0)	UREAL(-60.870069,1.0879918421978172)	UREAL(-60.870069,1.0879918421978172)	AGREE	
722	URealValue.add(value)	UREAL(-61.870069,0.428633) | UREAL(-46.064505,0.782649)	UREAL(-107.934574,0.8923372153451856)	UREAL(-107.934574,0.8923372153451856)	AGREE	
723	URealValue.add(value)	UREAL(-61.870069,0.428633) | UREAL(28.230986,0.91554)	UREAL(-33.639083,1.0109103522513754)	UREAL(-33.639083,1.0109103522513754)	AGREE	
724	URealValue.add(value)	UREAL(-61.870069,0.428633) | UREAL(47.696811,0.395191)	UREAL(-14.173258000000004,0.5830112993501927)	UREAL(-14.173258000000004,0.5830112993501927)	AGREE	
725	URealValue.add(value)	UREAL(-61.870069,0.428633) | UREAL(-61.870069,0.428633)	UREAL(-123.740138,0.6061786018806669)	UREAL(-123.740138,0.6061786018806669)	AGREE	
726	URealValue.add(value)	UREAL(-61.870069,0.428633) | UREAL(-98.361875,0.358527)	UREAL(-160.231944,0.5588093220571754)	UREAL(-160.231944,0.5588093220571754)	AGREE	
727	URealValue.add(value)	UREAL(-61.870069,0.428633) | UREAL(37.640335,0.974834)	UREAL(-24.229734,1.0649073087574334)	UREAL(-24.229734,1.0649073087574334)	AGREE	
728	URealValue.add(value)	UREAL(-98.361875,0.358527) | UREAL(0.0,0.0)	UREAL(-98.361875,0.358527)	UREAL(-98.361875,0.358527)	AGREE	
729	URealValue.add(value)	UREAL(-98.361875,0.358527) | UREAL(0.0,1.0)	UREAL(-98.361875,1.0623283907196492)	UREAL(-98.361875,1.0623283907196492)	AGREE	
730	URealValue.add(value)	UREAL(-98.361875,0.358527) | UREAL(-0.0,0.0)	UREAL(-98.361875,0.358527)	UREAL(-98.361875,0.358527)	AGREE	
731	URealValue.add(value)	UREAL(-98.361875,0.358527) | UREAL(1.0,0.0)	UREAL(-97.361875,0.358527)	UREAL(-97.361875,0.358527)	AGREE	
732	URealValue.add(value)	UREAL(-98.361875,0.358527) | UREAL(1.0,1.0)	UREAL(-97.361875,1.0623283907196492)	UREAL(-97.361875,1.0623283907196492)	AGREE	
733	URealValue.add(value)	UREAL(-98.361875,0.358527) | UREAL(-1.0,0.0)	UREAL(-99.361875,0.358527)	UREAL(-99.361875,0.358527)	AGREE	
734	URealValue.add(value)	UREAL(-98.361875,0.358527) | UREAL(-1.0,1.0)	UREAL(-99.361875,1.0623283907196492)	UREAL(-99.361875,1.0623283907196492)	AGREE	
735	URealValue.add(value)	UREAL(-98.361875,0.358527) | UREAL(-1.0,0.5)	UREAL(-99.361875,0.6152573524379858)	UREAL(-99.361875,0.6152573524379858)	AGREE	
736	URealValue.add(value)	UREAL(-98.361875,0.358527) | UREAL(0.5,0.5)	UREAL(-97.861875,0.6152573524379858)	UREAL(-97.861875,0.6152573524379858)	AGREE	
737	URealValue.add(value)	UREAL(-98.361875,0.358527) | UREAL(-0.5,0.25)	UREAL(-98.861875,0.43708306959775967)	UREAL(-98.861875,0.43708306959775967)	AGREE	
738	URealValue.add(value)	UREAL(-98.361875,0.358527) | UREAL(2.0,0.0)	UREAL(-96.361875,0.358527)	UREAL(-96.361875,0.358527)	AGREE	
739	URealValue.add(value)	UREAL(-98.361875,0.358527) | UREAL(100.0,0.001)	UREAL(1.6381250000000023,0.3585283945923949)	UREAL(1.6381250000000023,0.3585283945923949)	AGREE	
740	URealValue.add(value)	UREAL(-98.361875,0.358527) | UREAL(-100.0,0.001)	UREAL(-198.361875,0.3585283945923949)	UREAL(-198.361875,0.3585283945923949)	AGREE	
741	URealValue.add(value)	UREAL(-98.361875,0.358527) | UREAL(4.9E-324,0.0)	UREAL(-98.361875,0.358527)	UREAL(-98.361875,0.358527)	AGREE	
742	URealValue.add(value)	UREAL(-98.361875,0.358527) | UREAL(1.7976931348623157E308,0.0)	UREAL(1.7976931348623157E308,0.358527)	UREAL(1.7976931348623157E308,0.358527)	AGREE	
743	URealValue.add(value)	UREAL(-98.361875,0.358527) | UREAL(-1.7976931348623157E308,0.0)	UREAL(-1.7976931348623157E308,0.358527)	UREAL(-1.7976931348623157E308,0.358527)	AGREE	
744	URealValue.add(value)	UREAL(-98.361875,0.358527) | UREAL(NaN,0.0)	UREAL(NaN,0.358527)	UREAL(NaN,0.358527)	AGREE	
745	URealValue.add(value)	UREAL(-98.361875,0.358527) | UREAL(Infinity,0.0)	UREAL(Infinity,0.358527)	UREAL(Infinity,0.358527)	AGREE	
746	URealValue.add(value)	UREAL(-98.361875,0.358527) | UREAL(-Infinity,0.0)	UREAL(-Infinity,0.358527)	UREAL(-Infinity,0.358527)	AGREE	
747	URealValue.add(value)	UREAL(-98.361875,0.358527) | UREAL(1.0,NaN)	UREAL(-97.361875,NaN)	UREAL(-97.361875,NaN)	AGREE	
748	URealValue.add(value)	UREAL(-98.361875,0.358527) | UREAL(1.0,Infinity)	UREAL(-97.361875,Infinity)	UREAL(-97.361875,Infinity)	AGREE	
749	URealValue.add(value)	UREAL(-98.361875,0.358527) | UREAL(1.0,-1.0)	UREAL(-97.361875,1.0623283907196492)	UREAL(-97.361875,1.0623283907196492)	AGREE	
750	URealValue.add(value)	UREAL(-98.361875,0.358527) | UREAL(-46.064505,0.782649)	UREAL(-144.42638,0.8608606547694)	UREAL(-144.42638,0.8608606547694)	AGREE	
751	URealValue.add(value)	UREAL(-98.361875,0.358527) | UREAL(28.230986,0.91554)	UREAL(-70.130889,0.9832370524593751)	UREAL(-70.130889,0.9832370524593751)	AGREE	
752	URealValue.add(value)	UREAL(-98.361875,0.358527) | UREAL(47.696811,0.395191)	UREAL(-50.665064,0.5335892954417283)	UREAL(-50.665064,0.5335892954417283)	AGREE	
753	URealValue.add(value)	UREAL(-98.361875,0.358527) | UREAL(-61.870069,0.428633)	UREAL(-160.231944,0.5588093220571754)	UREAL(-160.231944,0.5588093220571754)	AGREE	
754	URealValue.add(value)	UREAL(-98.361875,0.358527) | UREAL(-98.361875,0.358527)	UREAL(-196.72375,0.5070337458769386)	UREAL(-196.72375,0.5070337458769386)	AGREE	
755	URealValue.add(value)	UREAL(-98.361875,0.358527) | UREAL(37.640335,0.974834)	UREAL(-60.72154,1.0386736432994725)	UREAL(-60.72154,1.0386736432994725)	AGREE	
756	URealValue.add(value)	UREAL(37.640335,0.974834) | UREAL(0.0,0.0)	UREAL(37.640335,0.974834)	UREAL(37.640335,0.974834)	AGREE	
757	URealValue.add(value)	UREAL(37.640335,0.974834) | UREAL(0.0,1.0)	UREAL(37.640335,1.3965318927815433)	UREAL(37.640335,1.3965318927815433)	AGREE	
758	URealValue.add(value)	UREAL(37.640335,0.974834) | UREAL(-0.0,0.0)	UREAL(37.640335,0.974834)	UREAL(37.640335,0.974834)	AGREE	
759	URealValue.add(value)	UREAL(37.640335,0.974834) | UREAL(1.0,0.0)	UREAL(38.640335,0.974834)	UREAL(38.640335,0.974834)	AGREE	
760	URealValue.add(value)	UREAL(37.640335,0.974834) | UREAL(1.0,1.0)	UREAL(38.640335,1.3965318927815433)	UREAL(38.640335,1.3965318927815433)	AGREE	
761	URealValue.add(value)	UREAL(37.640335,0.974834) | UREAL(-1.0,0.0)	UREAL(36.640335,0.974834)	UREAL(36.640335,0.974834)	AGREE	
762	URealValue.add(value)	UREAL(37.640335,0.974834) | UREAL(-1.0,1.0)	UREAL(36.640335,1.3965318927815433)	UREAL(36.640335,1.3965318927815433)	AGREE	
763	URealValue.add(value)	UREAL(37.640335,0.974834) | UREAL(-1.0,0.5)	UREAL(36.640335,1.0955826429603566)	UREAL(36.640335,1.0955826429603566)	AGREE	
764	URealValue.add(value)	UREAL(37.640335,0.974834) | UREAL(0.5,0.5)	UREAL(38.140335,1.0955826429603566)	UREAL(38.140335,1.0955826429603566)	AGREE	
765	URealValue.add(value)	UREAL(37.640335,0.974834) | UREAL(-0.5,0.25)	UREAL(37.140335,1.0063803096026869)	UREAL(37.140335,1.0063803096026869)	AGREE	
766	URealValue.add(value)	UREAL(37.640335,0.974834) | UREAL(2.0,0.0)	UREAL(39.640335,0.974834)	UREAL(39.640335,0.974834)	AGREE	
767	URealValue.add(value)	UREAL(37.640335,0.974834) | UREAL(100.0,0.001)	UREAL(137.640335,0.9748345129077037)	UREAL(137.640335,0.9748345129077037)	AGREE	
768	URealValue.add(value)	UREAL(37.640335,0.974834) | UREAL(-100.0,0.001)	UREAL(-62.359665,0.9748345129077037)	UREAL(-62.359665,0.9748345129077037)	AGREE	
769	URealValue.add(value)	UREAL(37.640335,0.974834) | UREAL(4.9E-324,0.0)	UREAL(37.640335,0.974834)	UREAL(37.640335,0.974834)	AGREE	
770	URealValue.add(value)	UREAL(37.640335,0.974834) | UREAL(1.7976931348623157E308,0.0)	UREAL(1.7976931348623157E308,0.974834)	UREAL(1.7976931348623157E308,0.974834)	AGREE	
771	URealValue.add(value)	UREAL(37.640335,0.974834) | UREAL(-1.7976931348623157E308,0.0)	UREAL(-1.7976931348623157E308,0.974834)	UREAL(-1.7976931348623157E308,0.974834)	AGREE	
772	URealValue.add(value)	UREAL(37.640335,0.974834) | UREAL(NaN,0.0)	UREAL(NaN,0.974834)	UREAL(NaN,0.974834)	AGREE	
773	URealValue.add(value)	UREAL(37.640335,0.974834) | UREAL(Infinity,0.0)	UREAL(Infinity,0.974834)	UREAL(Infinity,0.974834)	AGREE	
774	URealValue.add(value)	UREAL(37.640335,0.974834) | UREAL(-Infinity,0.0)	UREAL(-Infinity,0.974834)	UREAL(-Infinity,0.974834)	AGREE	
775	URealValue.add(value)	UREAL(37.640335,0.974834) | UREAL(1.0,NaN)	UREAL(38.640335,NaN)	UREAL(38.640335,NaN)	AGREE	
776	URealValue.add(value)	UREAL(37.640335,0.974834) | UREAL(1.0,Infinity)	UREAL(38.640335,Infinity)	UREAL(38.640335,Infinity)	AGREE	
777	URealValue.add(value)	UREAL(37.640335,0.974834) | UREAL(1.0,-1.0)	UREAL(38.640335,1.3965318927815433)	UREAL(38.640335,1.3965318927815433)	AGREE	
778	URealValue.add(value)	UREAL(37.640335,0.974834) | UREAL(-46.064505,0.782649)	UREAL(-8.424169999999997,1.2501363064710185)	UREAL(-8.424169999999997,1.2501363064710185)	AGREE	
779	URealValue.add(value)	UREAL(37.640335,0.974834) | UREAL(28.230986,0.91554)	UREAL(65.871321,1.3373536627070641)	UREAL(65.871321,1.3373536627070641)	AGREE	
780	URealValue.add(value)	UREAL(37.640335,0.974834) | UREAL(47.696811,0.395191)	UREAL(85.33714599999999,1.051892225485577)	UREAL(85.33714599999999,1.051892225485577)	AGREE	
781	URealValue.add(value)	UREAL(37.640335,0.974834) | UREAL(-61.870069,0.428633)	UREAL(-24.229734,1.0649073087574334)	UREAL(-24.229734,1.0649073087574334)	AGREE	
782	URealValue.add(value)	UREAL(37.640335,0.974834) | UREAL(-98.361875,0.358527)	UREAL(-60.72154,1.0386736432994725)	UREAL(-60.72154,1.0386736432994725)	AGREE	
783	URealValue.add(value)	UREAL(37.640335,0.974834) | UREAL(37.640335,0.974834)	UREAL(75.28067,1.3786234638624137)	UREAL(75.28067,1.3786234638624137)	AGREE	
