# harness	differential-sweep/1
# seed	20260817
# reference	historical
# subject	stub-faulty-minus
# sha256.use.jar	80ac8ae433b8345677472019991356950f094f4a104cfbce1f75783a7308788d
# sha256.atenearesearchgroup.uncertainty.jar	53b2a43feb0a0a39844a60278dd80a7d4b975ef324fb05c6db28831e835e59d0
# operations	URealValue.minus(value)
# rows	784
# rows.agreement	558
# rows.disagreement	226
# verdict.AGREE	558
# verdict.DIFFER	226
index	operation	inputs	historical	ported	verdict	note
0	URealValue.minus(value)	UREAL(0.0,0.0) | UREAL(0.0,0.0)	UREAL(0.0,0.0)	UREAL(0.0,0.0)	AGREE	
1	URealValue.minus(value)	UREAL(0.0,0.0) | UREAL(0.0,1.0)	UREAL(0.0,1.0)	UREAL(0.0,1.0)	AGREE	
2	URealValue.minus(value)	UREAL(0.0,0.0) | UREAL(-0.0,0.0)	UREAL(0.0,0.0)	UREAL(0.0,0.0)	AGREE	
3	URealValue.minus(value)	UREAL(0.0,0.0) | UREAL(1.0,0.0)	UREAL(-1.0,0.0)	UREAL(-1.0,0.0)	AGREE	
4	URealValue.minus(value)	UREAL(0.0,0.0) | UREAL(1.0,1.0)	UREAL(-1.0,1.0)	UREAL(-1.0,1.0)	AGREE	
5	URealValue.minus(value)	UREAL(0.0,0.0) | UREAL(-1.0,0.0)	UREAL(1.0,0.0)	UREAL(1.0,0.0)	AGREE	
6	URealValue.minus(value)	UREAL(0.0,0.0) | UREAL(-1.0,1.0)	UREAL(1.0,1.0)	UREAL(1.0,1.0)	AGREE	
7	URealValue.minus(value)	UREAL(0.0,0.0) | UREAL(-1.0,0.5)	UREAL(1.0,0.5)	UREAL(1.0,0.5)	AGREE	
8	URealValue.minus(value)	UREAL(0.0,0.0) | UREAL(0.5,0.5)	UREAL(-0.5,0.5)	UREAL(-0.5,0.5)	AGREE	
9	URealValue.minus(value)	UREAL(0.0,0.0) | UREAL(-0.5,0.25)	UREAL(0.5,0.25)	UREAL(0.5,0.25)	AGREE	
10	URealValue.minus(value)	UREAL(0.0,0.0) | UREAL(2.0,0.0)	UREAL(-2.0,0.0)	UREAL(-2.0,0.0)	AGREE	
11	URealValue.minus(value)	UREAL(0.0,0.0) | UREAL(100.0,0.001)	UREAL(-100.0,0.001)	UREAL(-100.0,0.001)	AGREE	
12	URealValue.minus(value)	UREAL(0.0,0.0) | UREAL(-100.0,0.001)	UREAL(100.0,0.001)	UREAL(100.0,0.001)	AGREE	
13	URealValue.minus(value)	UREAL(0.0,0.0) | UREAL(4.9E-324,0.0)	UREAL(-4.9E-324,0.0)	UREAL(-4.9E-324,0.0)	AGREE	
14	URealValue.minus(value)	UREAL(0.0,0.0) | UREAL(1.7976931348623157E308,0.0)	UREAL(-1.7976931348623157E308,0.0)	UREAL(-1.7976931348623157E308,0.0)	AGREE	
15	URealValue.minus(value)	UREAL(0.0,0.0) | UREAL(-1.7976931348623157E308,0.0)	UREAL(1.7976931348623157E308,0.0)	UREAL(1.7976931348623157E308,0.0)	AGREE	
16	URealValue.minus(value)	UREAL(0.0,0.0) | UREAL(NaN,0.0)	UREAL(NaN,0.0)	UREAL(NaN,0.0)	AGREE	
17	URealValue.minus(value)	UREAL(0.0,0.0) | UREAL(Infinity,0.0)	UREAL(-Infinity,0.0)	UREAL(-Infinity,0.0)	AGREE	
18	URealValue.minus(value)	UREAL(0.0,0.0) | UREAL(-Infinity,0.0)	UREAL(Infinity,0.0)	UREAL(Infinity,0.0)	AGREE	
19	URealValue.minus(value)	UREAL(0.0,0.0) | UREAL(1.0,NaN)	UREAL(-1.0,NaN)	UREAL(-1.0,NaN)	AGREE	
20	URealValue.minus(value)	UREAL(0.0,0.0) | UREAL(1.0,Infinity)	UREAL(-1.0,Infinity)	UREAL(-1.0,Infinity)	AGREE	
21	URealValue.minus(value)	UREAL(0.0,0.0) | UREAL(1.0,-1.0)	UREAL(-1.0,1.0)	UREAL(-1.0,1.0)	AGREE	
22	URealValue.minus(value)	UREAL(0.0,0.0) | UREAL(-46.064505,0.782649)	UREAL(46.064505,0.782649)	UREAL(46.064505,0.782649)	AGREE	
23	URealValue.minus(value)	UREAL(0.0,0.0) | UREAL(28.230986,0.91554)	UREAL(-28.230986,0.91554)	UREAL(-28.230986,0.91554)	AGREE	
24	URealValue.minus(value)	UREAL(0.0,0.0) | UREAL(47.696811,0.395191)	UREAL(-47.696811,0.395191)	UREAL(-47.696811,0.395191)	AGREE	
25	URealValue.minus(value)	UREAL(0.0,0.0) | UREAL(-61.870069,0.428633)	UREAL(61.870069,0.428633)	UREAL(61.870069,0.428633)	AGREE	
26	URealValue.minus(value)	UREAL(0.0,0.0) | UREAL(-98.361875,0.358527)	UREAL(98.361875,0.358527)	UREAL(98.361875,0.358527)	AGREE	
27	URealValue.minus(value)	UREAL(0.0,0.0) | UREAL(37.640335,0.974834)	UREAL(-37.640335,0.974834)	UREAL(-37.640335,0.974834)	AGREE	
28	URealValue.minus(value)	UREAL(0.0,1.0) | UREAL(0.0,0.0)	UREAL(0.0,1.0)	UREAL(0.0,1.0)	AGREE	
29	URealValue.minus(value)	UREAL(0.0,1.0) | UREAL(0.0,1.0)	UREAL(0.0,1.4142135623730951)	UREAL(0.0,0.0)	DIFFER	
30	URealValue.minus(value)	UREAL(0.0,1.0) | UREAL(-0.0,0.0)	UREAL(0.0,1.0)	UREAL(0.0,1.0)	AGREE	
31	URealValue.minus(value)	UREAL(0.0,1.0) | UREAL(1.0,0.0)	UREAL(-1.0,1.0)	UREAL(-1.0,1.0)	AGREE	
32	URealValue.minus(value)	UREAL(0.0,1.0) | UREAL(1.0,1.0)	UREAL(-1.0,1.4142135623730951)	UREAL(-1.0,0.0)	DIFFER	
33	URealValue.minus(value)	UREAL(0.0,1.0) | UREAL(-1.0,0.0)	UREAL(1.0,1.0)	UREAL(1.0,1.0)	AGREE	
34	URealValue.minus(value)	UREAL(0.0,1.0) | UREAL(-1.0,1.0)	UREAL(1.0,1.4142135623730951)	UREAL(1.0,0.0)	DIFFER	
35	URealValue.minus(value)	UREAL(0.0,1.0) | UREAL(-1.0,0.5)	UREAL(1.0,1.118033988749895)	UREAL(1.0,0.5)	DIFFER	
36	URealValue.minus(value)	UREAL(0.0,1.0) | UREAL(0.5,0.5)	UREAL(-0.5,1.118033988749895)	UREAL(-0.5,0.5)	DIFFER	
37	URealValue.minus(value)	UREAL(0.0,1.0) | UREAL(-0.5,0.25)	UREAL(0.5,1.0307764064044151)	UREAL(0.5,0.75)	DIFFER	
38	URealValue.minus(value)	UREAL(0.0,1.0) | UREAL(2.0,0.0)	UREAL(-2.0,1.0)	UREAL(-2.0,1.0)	AGREE	
39	URealValue.minus(value)	UREAL(0.0,1.0) | UREAL(100.0,0.001)	UREAL(-100.0,1.000000499999875)	UREAL(-100.0,0.999)	DIFFER	
40	URealValue.minus(value)	UREAL(0.0,1.0) | UREAL(-100.0,0.001)	UREAL(100.0,1.000000499999875)	UREAL(100.0,0.999)	DIFFER	
41	URealValue.minus(value)	UREAL(0.0,1.0) | UREAL(4.9E-324,0.0)	UREAL(-4.9E-324,1.0)	UREAL(-4.9E-324,1.0)	AGREE	
42	URealValue.minus(value)	UREAL(0.0,1.0) | UREAL(1.7976931348623157E308,0.0)	UREAL(-1.7976931348623157E308,1.0)	UREAL(-1.7976931348623157E308,1.0)	AGREE	
43	URealValue.minus(value)	UREAL(0.0,1.0) | UREAL(-1.7976931348623157E308,0.0)	UREAL(1.7976931348623157E308,1.0)	UREAL(1.7976931348623157E308,1.0)	AGREE	
44	URealValue.minus(value)	UREAL(0.0,1.0) | UREAL(NaN,0.0)	UREAL(NaN,1.0)	UREAL(NaN,1.0)	AGREE	
45	URealValue.minus(value)	UREAL(0.0,1.0) | UREAL(Infinity,0.0)	UREAL(-Infinity,1.0)	UREAL(-Infinity,1.0)	AGREE	
46	URealValue.minus(value)	UREAL(0.0,1.0) | UREAL(-Infinity,0.0)	UREAL(Infinity,1.0)	UREAL(Infinity,1.0)	AGREE	
47	URealValue.minus(value)	UREAL(0.0,1.0) | UREAL(1.0,NaN)	UREAL(-1.0,NaN)	UREAL(-1.0,NaN)	AGREE	
48	URealValue.minus(value)	UREAL(0.0,1.0) | UREAL(1.0,Infinity)	UREAL(-1.0,Infinity)	UREAL(-1.0,Infinity)	AGREE	
49	URealValue.minus(value)	UREAL(0.0,1.0) | UREAL(1.0,-1.0)	UREAL(-1.0,1.4142135623730951)	UREAL(-1.0,2.0)	DIFFER	
50	URealValue.minus(value)	UREAL(0.0,1.0) | UREAL(-46.064505,0.782649)	UREAL(46.064505,1.269858046082711)	UREAL(46.064505,0.21735099999999996)	DIFFER	
51	URealValue.minus(value)	UREAL(0.0,1.0) | UREAL(28.230986,0.91554)	UREAL(-28.230986,1.355807320971531)	UREAL(-28.230986,0.08445999999999998)	DIFFER	
52	URealValue.minus(value)	UREAL(0.0,1.0) | UREAL(47.696811,0.395191)	UREAL(-47.696811,1.0752562143419586)	UREAL(-47.696811,0.6048089999999999)	DIFFER	
53	URealValue.minus(value)	UREAL(0.0,1.0) | UREAL(-61.870069,0.428633)	UREAL(61.870069,1.0879918421978172)	UREAL(61.870069,0.571367)	DIFFER	
54	URealValue.minus(value)	UREAL(0.0,1.0) | UREAL(-98.361875,0.358527)	UREAL(98.361875,1.0623283907196492)	UREAL(98.361875,0.641473)	DIFFER	
55	URealValue.minus(value)	UREAL(0.0,1.0) | UREAL(37.640335,0.974834)	UREAL(-37.640335,1.3965318927815433)	UREAL(-37.640335,0.02516600000000002)	DIFFER	
56	URealValue.minus(value)	UREAL(-0.0,0.0) | UREAL(0.0,0.0)	UREAL(-0.0,0.0)	UREAL(-0.0,0.0)	AGREE	
57	URealValue.minus(value)	UREAL(-0.0,0.0) | UREAL(0.0,1.0)	UREAL(-0.0,1.0)	UREAL(-0.0,1.0)	AGREE	
58	URealValue.minus(value)	UREAL(-0.0,0.0) | UREAL(-0.0,0.0)	UREAL(0.0,0.0)	UREAL(0.0,0.0)	AGREE	
59	URealValue.minus(value)	UREAL(-0.0,0.0) | UREAL(1.0,0.0)	UREAL(-1.0,0.0)	UREAL(-1.0,0.0)	AGREE	
60	URealValue.minus(value)	UREAL(-0.0,0.0) | UREAL(1.0,1.0)	UREAL(-1.0,1.0)	UREAL(-1.0,1.0)	AGREE	
61	URealValue.minus(value)	UREAL(-0.0,0.0) | UREAL(-1.0,0.0)	UREAL(1.0,0.0)	UREAL(1.0,0.0)	AGREE	
62	URealValue.minus(value)	UREAL(-0.0,0.0) | UREAL(-1.0,1.0)	UREAL(1.0,1.0)	UREAL(1.0,1.0)	AGREE	
63	URealValue.minus(value)	UREAL(-0.0,0.0) | UREAL(-1.0,0.5)	UREAL(1.0,0.5)	UREAL(1.0,0.5)	AGREE	
64	URealValue.minus(value)	UREAL(-0.0,0.0) | UREAL(0.5,0.5)	UREAL(-0.5,0.5)	UREAL(-0.5,0.5)	AGREE	
65	URealValue.minus(value)	UREAL(-0.0,0.0) | UREAL(-0.5,0.25)	UREAL(0.5,0.25)	UREAL(0.5,0.25)	AGREE	
66	URealValue.minus(value)	UREAL(-0.0,0.0) | UREAL(2.0,0.0)	UREAL(-2.0,0.0)	UREAL(-2.0,0.0)	AGREE	
67	URealValue.minus(value)	UREAL(-0.0,0.0) | UREAL(100.0,0.001)	UREAL(-100.0,0.001)	UREAL(-100.0,0.001)	AGREE	
68	URealValue.minus(value)	UREAL(-0.0,0.0) | UREAL(-100.0,0.001)	UREAL(100.0,0.001)	UREAL(100.0,0.001)	AGREE	
69	URealValue.minus(value)	UREAL(-0.0,0.0) | UREAL(4.9E-324,0.0)	UREAL(-4.9E-324,0.0)	UREAL(-4.9E-324,0.0)	AGREE	
70	URealValue.minus(value)	UREAL(-0.0,0.0) | UREAL(1.7976931348623157E308,0.0)	UREAL(-1.7976931348623157E308,0.0)	UREAL(-1.7976931348623157E308,0.0)	AGREE	
71	URealValue.minus(value)	UREAL(-0.0,0.0) | UREAL(-1.7976931348623157E308,0.0)	UREAL(1.7976931348623157E308,0.0)	UREAL(1.7976931348623157E308,0.0)	AGREE	
72	URealValue.minus(value)	UREAL(-0.0,0.0) | UREAL(NaN,0.0)	UREAL(NaN,0.0)	UREAL(NaN,0.0)	AGREE	
73	URealValue.minus(value)	UREAL(-0.0,0.0) | UREAL(Infinity,0.0)	UREAL(-Infinity,0.0)	UREAL(-Infinity,0.0)	AGREE	
74	URealValue.minus(value)	UREAL(-0.0,0.0) | UREAL(-Infinity,0.0)	UREAL(Infinity,0.0)	UREAL(Infinity,0.0)	AGREE	
75	URealValue.minus(value)	UREAL(-0.0,0.0) | UREAL(1.0,NaN)	UREAL(-1.0,NaN)	UREAL(-1.0,NaN)	AGREE	
76	URealValue.minus(value)	UREAL(-0.0,0.0) | UREAL(1.0,Infinity)	UREAL(-1.0,Infinity)	UREAL(-1.0,Infinity)	AGREE	
77	URealValue.minus(value)	UREAL(-0.0,0.0) | UREAL(1.0,-1.0)	UREAL(-1.0,1.0)	UREAL(-1.0,1.0)	AGREE	
78	URealValue.minus(value)	UREAL(-0.0,0.0) | UREAL(-46.064505,0.782649)	UREAL(46.064505,0.782649)	UREAL(46.064505,0.782649)	AGREE	
79	URealValue.minus(value)	UREAL(-0.0,0.0) | UREAL(28.230986,0.91554)	UREAL(-28.230986,0.91554)	UREAL(-28.230986,0.91554)	AGREE	
80	URealValue.minus(value)	UREAL(-0.0,0.0) | UREAL(47.696811,0.395191)	UREAL(-47.696811,0.395191)	UREAL(-47.696811,0.395191)	AGREE	
81	URealValue.minus(value)	UREAL(-0.0,0.0) | UREAL(-61.870069,0.428633)	UREAL(61.870069,0.428633)	UREAL(61.870069,0.428633)	AGREE	
82	URealValue.minus(value)	UREAL(-0.0,0.0) | UREAL(-98.361875,0.358527)	UREAL(98.361875,0.358527)	UREAL(98.361875,0.358527)	AGREE	
83	URealValue.minus(value)	UREAL(-0.0,0.0) | UREAL(37.640335,0.974834)	UREAL(-37.640335,0.974834)	UREAL(-37.640335,0.974834)	AGREE	
84	URealValue.minus(value)	UREAL(1.0,0.0) | UREAL(0.0,0.0)	UREAL(1.0,0.0)	UREAL(1.0,0.0)	AGREE	
85	URealValue.minus(value)	UREAL(1.0,0.0) | UREAL(0.0,1.0)	UREAL(1.0,1.0)	UREAL(1.0,1.0)	AGREE	
86	URealValue.minus(value)	UREAL(1.0,0.0) | UREAL(-0.0,0.0)	UREAL(1.0,0.0)	UREAL(1.0,0.0)	AGREE	
87	URealValue.minus(value)	UREAL(1.0,0.0) | UREAL(1.0,0.0)	UREAL(0.0,0.0)	UREAL(0.0,0.0)	AGREE	
88	URealValue.minus(value)	UREAL(1.0,0.0) | UREAL(1.0,1.0)	UREAL(0.0,1.0)	UREAL(0.0,1.0)	AGREE	
89	URealValue.minus(value)	UREAL(1.0,0.0) | UREAL(-1.0,0.0)	UREAL(2.0,0.0)	UREAL(2.0,0.0)	AGREE	
90	URealValue.minus(value)	UREAL(1.0,0.0) | UREAL(-1.0,1.0)	UREAL(2.0,1.0)	UREAL(2.0,1.0)	AGREE	
91	URealValue.minus(value)	UREAL(1.0,0.0) | UREAL(-1.0,0.5)	UREAL(2.0,0.5)	UREAL(2.0,0.5)	AGREE	
92	URealValue.minus(value)	UREAL(1.0,0.0) | UREAL(0.5,0.5)	UREAL(0.5,0.5)	UREAL(0.5,0.5)	AGREE	
93	URealValue.minus(value)	UREAL(1.0,0.0) | UREAL(-0.5,0.25)	UREAL(1.5,0.25)	UREAL(1.5,0.25)	AGREE	
94	URealValue.minus(value)	UREAL(1.0,0.0) | UREAL(2.0,0.0)	UREAL(-1.0,0.0)	UREAL(-1.0,0.0)	AGREE	
95	URealValue.minus(value)	UREAL(1.0,0.0) | UREAL(100.0,0.001)	UREAL(-99.0,0.001)	UREAL(-99.0,0.001)	AGREE	
96	URealValue.minus(value)	UREAL(1.0,0.0) | UREAL(-100.0,0.001)	UREAL(101.0,0.001)	UREAL(101.0,0.001)	AGREE	
97	URealValue.minus(value)	UREAL(1.0,0.0) | UREAL(4.9E-324,0.0)	UREAL(1.0,0.0)	UREAL(1.0,0.0)	AGREE	
98	URealValue.minus(value)	UREAL(1.0,0.0) | UREAL(1.7976931348623157E308,0.0)	UREAL(-1.7976931348623157E308,0.0)	UREAL(-1.7976931348623157E308,0.0)	AGREE	
99	URealValue.minus(value)	UREAL(1.0,0.0) | UREAL(-1.7976931348623157E308,0.0)	UREAL(1.7976931348623157E308,0.0)	UREAL(1.7976931348623157E308,0.0)	AGREE	
100	URealValue.minus(value)	UREAL(1.0,0.0) | UREAL(NaN,0.0)	UREAL(NaN,0.0)	UREAL(NaN,0.0)	AGREE	
101	URealValue.minus(value)	UREAL(1.0,0.0) | UREAL(Infinity,0.0)	UREAL(-Infinity,0.0)	UREAL(-Infinity,0.0)	AGREE	
102	URealValue.minus(value)	UREAL(1.0,0.0) | UREAL(-Infinity,0.0)	UREAL(Infinity,0.0)	UREAL(Infinity,0.0)	AGREE	
103	URealValue.minus(value)	UREAL(1.0,0.0) | UREAL(1.0,NaN)	UREAL(0.0,NaN)	UREAL(0.0,NaN)	AGREE	
104	URealValue.minus(value)	UREAL(1.0,0.0) | UREAL(1.0,Infinity)	UREAL(0.0,Infinity)	UREAL(0.0,Infinity)	AGREE	
105	URealValue.minus(value)	UREAL(1.0,0.0) | UREAL(1.0,-1.0)	UREAL(0.0,1.0)	UREAL(0.0,1.0)	AGREE	
106	URealValue.minus(value)	UREAL(1.0,0.0) | UREAL(-46.064505,0.782649)	UREAL(47.064505,0.782649)	UREAL(47.064505,0.782649)	AGREE	
107	URealValue.minus(value)	UREAL(1.0,0.0) | UREAL(28.230986,0.91554)	UREAL(-27.230986,0.91554)	UREAL(-27.230986,0.91554)	AGREE	
108	URealValue.minus(value)	UREAL(1.0,0.0) | UREAL(47.696811,0.395191)	UREAL(-46.696811,0.395191)	UREAL(-46.696811,0.395191)	AGREE	
109	URealValue.minus(value)	UREAL(1.0,0.0) | UREAL(-61.870069,0.428633)	UREAL(62.870069,0.428633)	UREAL(62.870069,0.428633)	AGREE	
110	URealValue.minus(value)	UREAL(1.0,0.0) | UREAL(-98.361875,0.358527)	UREAL(99.361875,0.358527)	UREAL(99.361875,0.358527)	AGREE	
111	URealValue.minus(value)	UREAL(1.0,0.0) | UREAL(37.640335,0.974834)	UREAL(-36.640335,0.974834)	UREAL(-36.640335,0.974834)	AGREE	
112	URealValue.minus(value)	UREAL(1.0,1.0) | UREAL(0.0,0.0)	UREAL(1.0,1.0)	UREAL(1.0,1.0)	AGREE	
113	URealValue.minus(value)	UREAL(1.0,1.0) | UREAL(0.0,1.0)	UREAL(1.0,1.4142135623730951)	UREAL(1.0,0.0)	DIFFER	
114	URealValue.minus(value)	UREAL(1.0,1.0) | UREAL(-0.0,0.0)	UREAL(1.0,1.0)	UREAL(1.0,1.0)	AGREE	
115	URealValue.minus(value)	UREAL(1.0,1.0) | UREAL(1.0,0.0)	UREAL(0.0,1.0)	UREAL(0.0,1.0)	AGREE	
116	URealValue.minus(value)	UREAL(1.0,1.0) | UREAL(1.0,1.0)	UREAL(0.0,1.4142135623730951)	UREAL(0.0,0.0)	DIFFER	
117	URealValue.minus(value)	UREAL(1.0,1.0) | UREAL(-1.0,0.0)	UREAL(2.0,1.0)	UREAL(2.0,1.0)	AGREE	
118	URealValue.minus(value)	UREAL(1.0,1.0) | UREAL(-1.0,1.0)	UREAL(2.0,1.4142135623730951)	UREAL(2.0,0.0)	DIFFER	
119	URealValue.minus(value)	UREAL(1.0,1.0) | UREAL(-1.0,0.5)	UREAL(2.0,1.118033988749895)	UREAL(2.0,0.5)	DIFFER	
120	URealValue.minus(value)	UREAL(1.0,1.0) | UREAL(0.5,0.5)	UREAL(0.5,1.118033988749895)	UREAL(0.5,0.5)	DIFFER	
121	URealValue.minus(value)	UREAL(1.0,1.0) | UREAL(-0.5,0.25)	UREAL(1.5,1.0307764064044151)	UREAL(1.5,0.75)	DIFFER	
122	URealValue.minus(value)	UREAL(1.0,1.0) | UREAL(2.0,0.0)	UREAL(-1.0,1.0)	UREAL(-1.0,1.0)	AGREE	
123	URealValue.minus(value)	UREAL(1.0,1.0) | UREAL(100.0,0.001)	UREAL(-99.0,1.000000499999875)	UREAL(-99.0,0.999)	DIFFER	
124	URealValue.minus(value)	UREAL(1.0,1.0) | UREAL(-100.0,0.001)	UREAL(101.0,1.000000499999875)	UREAL(101.0,0.999)	DIFFER	
125	URealValue.minus(value)	UREAL(1.0,1.0) | UREAL(4.9E-324,0.0)	UREAL(1.0,1.0)	UREAL(1.0,1.0)	AGREE	
126	URealValue.minus(value)	UREAL(1.0,1.0) | UREAL(1.7976931348623157E308,0.0)	UREAL(-1.7976931348623157E308,1.0)	UREAL(-1.7976931348623157E308,1.0)	AGREE	
127	URealValue.minus(value)	UREAL(1.0,1.0) | UREAL(-1.7976931348623157E308,0.0)	UREAL(1.7976931348623157E308,1.0)	UREAL(1.7976931348623157E308,1.0)	AGREE	
128	URealValue.minus(value)	UREAL(1.0,1.0) | UREAL(NaN,0.0)	UREAL(NaN,1.0)	UREAL(NaN,1.0)	AGREE	
129	URealValue.minus(value)	UREAL(1.0,1.0) | UREAL(Infinity,0.0)	UREAL(-Infinity,1.0)	UREAL(-Infinity,1.0)	AGREE	
130	URealValue.minus(value)	UREAL(1.0,1.0) | UREAL(-Infinity,0.0)	UREAL(Infinity,1.0)	UREAL(Infinity,1.0)	AGREE	
131	URealValue.minus(value)	UREAL(1.0,1.0) | UREAL(1.0,NaN)	UREAL(0.0,NaN)	UREAL(0.0,NaN)	AGREE	
132	URealValue.minus(value)	UREAL(1.0,1.0) | UREAL(1.0,Infinity)	UREAL(0.0,Infinity)	UREAL(0.0,Infinity)	AGREE	
133	URealValue.minus(value)	UREAL(1.0,1.0) | UREAL(1.0,-1.0)	UREAL(0.0,1.4142135623730951)	UREAL(0.0,2.0)	DIFFER	
134	URealValue.minus(value)	UREAL(1.0,1.0) | UREAL(-46.064505,0.782649)	UREAL(47.064505,1.269858046082711)	UREAL(47.064505,0.21735099999999996)	DIFFER	
135	URealValue.minus(value)	UREAL(1.0,1.0) | UREAL(28.230986,0.91554)	UREAL(-27.230986,1.355807320971531)	UREAL(-27.230986,0.08445999999999998)	DIFFER	
136	URealValue.minus(value)	UREAL(1.0,1.0) | UREAL(47.696811,0.395191)	UREAL(-46.696811,1.0752562143419586)	UREAL(-46.696811,0.6048089999999999)	DIFFER	
137	URealValue.minus(value)	UREAL(1.0,1.0) | UREAL(-61.870069,0.428633)	UREAL(62.870069,1.0879918421978172)	UREAL(62.870069,0.571367)	DIFFER	
138	URealValue.minus(value)	UREAL(1.0,1.0) | UREAL(-98.361875,0.358527)	UREAL(99.361875,1.0623283907196492)	UREAL(99.361875,0.641473)	DIFFER	
139	URealValue.minus(value)	UREAL(1.0,1.0) | UREAL(37.640335,0.974834)	UREAL(-36.640335,1.3965318927815433)	UREAL(-36.640335,0.02516600000000002)	DIFFER	
140	URealValue.minus(value)	UREAL(-1.0,0.0) | UREAL(0.0,0.0)	UREAL(-1.0,0.0)	UREAL(-1.0,0.0)	AGREE	
141	URealValue.minus(value)	UREAL(-1.0,0.0) | UREAL(0.0,1.0)	UREAL(-1.0,1.0)	UREAL(-1.0,1.0)	AGREE	
142	URealValue.minus(value)	UREAL(-1.0,0.0) | UREAL(-0.0,0.0)	UREAL(-1.0,0.0)	UREAL(-1.0,0.0)	AGREE	
143	URealValue.minus(value)	UREAL(-1.0,0.0) | UREAL(1.0,0.0)	UREAL(-2.0,0.0)	UREAL(-2.0,0.0)	AGREE	
144	URealValue.minus(value)	UREAL(-1.0,0.0) | UREAL(1.0,1.0)	UREAL(-2.0,1.0)	UREAL(-2.0,1.0)	AGREE	
145	URealValue.minus(value)	UREAL(-1.0,0.0) | UREAL(-1.0,0.0)	UREAL(0.0,0.0)	UREAL(0.0,0.0)	AGREE	
146	URealValue.minus(value)	UREAL(-1.0,0.0) | UREAL(-1.0,1.0)	UREAL(0.0,1.0)	UREAL(0.0,1.0)	AGREE	
147	URealValue.minus(value)	UREAL(-1.0,0.0) | UREAL(-1.0,0.5)	UREAL(0.0,0.5)	UREAL(0.0,0.5)	AGREE	
148	URealValue.minus(value)	UREAL(-1.0,0.0) | UREAL(0.5,0.5)	UREAL(-1.5,0.5)	UREAL(-1.5,0.5)	AGREE	
149	URealValue.minus(value)	UREAL(-1.0,0.0) | UREAL(-0.5,0.25)	UREAL(-0.5,0.25)	UREAL(-0.5,0.25)	AGREE	
150	URealValue.minus(value)	UREAL(-1.0,0.0) | UREAL(2.0,0.0)	UREAL(-3.0,0.0)	UREAL(-3.0,0.0)	AGREE	
151	URealValue.minus(value)	UREAL(-1.0,0.0) | UREAL(100.0,0.001)	UREAL(-101.0,0.001)	UREAL(-101.0,0.001)	AGREE	
152	URealValue.minus(value)	UREAL(-1.0,0.0) | UREAL(-100.0,0.001)	UREAL(99.0,0.001)	UREAL(99.0,0.001)	AGREE	
153	URealValue.minus(value)	UREAL(-1.0,0.0) | UREAL(4.9E-324,0.0)	UREAL(-1.0,0.0)	UREAL(-1.0,0.0)	AGREE	
154	URealValue.minus(value)	UREAL(-1.0,0.0) | UREAL(1.7976931348623157E308,0.0)	UREAL(-1.7976931348623157E308,0.0)	UREAL(-1.7976931348623157E308,0.0)	AGREE	
155	URealValue.minus(value)	UREAL(-1.0,0.0) | UREAL(-1.7976931348623157E308,0.0)	UREAL(1.7976931348623157E308,0.0)	UREAL(1.7976931348623157E308,0.0)	AGREE	
156	URealValue.minus(value)	UREAL(-1.0,0.0) | UREAL(NaN,0.0)	UREAL(NaN,0.0)	UREAL(NaN,0.0)	AGREE	
157	URealValue.minus(value)	UREAL(-1.0,0.0) | UREAL(Infinity,0.0)	UREAL(-Infinity,0.0)	UREAL(-Infinity,0.0)	AGREE	
158	URealValue.minus(value)	UREAL(-1.0,0.0) | UREAL(-Infinity,0.0)	UREAL(Infinity,0.0)	UREAL(Infinity,0.0)	AGREE	
159	URealValue.minus(value)	UREAL(-1.0,0.0) | UREAL(1.0,NaN)	UREAL(-2.0,NaN)	UREAL(-2.0,NaN)	AGREE	
160	URealValue.minus(value)	UREAL(-1.0,0.0) | UREAL(1.0,Infinity)	UREAL(-2.0,Infinity)	UREAL(-2.0,Infinity)	AGREE	
161	URealValue.minus(value)	UREAL(-1.0,0.0) | UREAL(1.0,-1.0)	UREAL(-2.0,1.0)	UREAL(-2.0,1.0)	AGREE	
162	URealValue.minus(value)	UREAL(-1.0,0.0) | UREAL(-46.064505,0.782649)	UREAL(45.064505,0.782649)	UREAL(45.064505,0.782649)	AGREE	
163	URealValue.minus(value)	UREAL(-1.0,0.0) | UREAL(28.230986,0.91554)	UREAL(-29.230986,0.91554)	UREAL(-29.230986,0.91554)	AGREE	
164	URealValue.minus(value)	UREAL(-1.0,0.0) | UREAL(47.696811,0.395191)	UREAL(-48.696811,0.395191)	UREAL(-48.696811,0.395191)	AGREE	
165	URealValue.minus(value)	UREAL(-1.0,0.0) | UREAL(-61.870069,0.428633)	UREAL(60.870069,0.428633)	UREAL(60.870069,0.428633)	AGREE	
166	URealValue.minus(value)	UREAL(-1.0,0.0) | UREAL(-98.361875,0.358527)	UREAL(97.361875,0.358527)	UREAL(97.361875,0.358527)	AGREE	
167	URealValue.minus(value)	UREAL(-1.0,0.0) | UREAL(37.640335,0.974834)	UREAL(-38.640335,0.974834)	UREAL(-38.640335,0.974834)	AGREE	
168	URealValue.minus(value)	UREAL(-1.0,1.0) | UREAL(0.0,0.0)	UREAL(-1.0,1.0)	UREAL(-1.0,1.0)	AGREE	
169	URealValue.minus(value)	UREAL(-1.0,1.0) | UREAL(0.0,1.0)	UREAL(-1.0,1.4142135623730951)	UREAL(-1.0,0.0)	DIFFER	
170	URealValue.minus(value)	UREAL(-1.0,1.0) | UREAL(-0.0,0.0)	UREAL(-1.0,1.0)	UREAL(-1.0,1.0)	AGREE	
171	URealValue.minus(value)	UREAL(-1.0,1.0) | UREAL(1.0,0.0)	UREAL(-2.0,1.0)	UREAL(-2.0,1.0)	AGREE	
172	URealValue.minus(value)	UREAL(-1.0,1.0) | UREAL(1.0,1.0)	UREAL(-2.0,1.4142135623730951)	UREAL(-2.0,0.0)	DIFFER	
173	URealValue.minus(value)	UREAL(-1.0,1.0) | UREAL(-1.0,0.0)	UREAL(0.0,1.0)	UREAL(0.0,1.0)	AGREE	
174	URealValue.minus(value)	UREAL(-1.0,1.0) | UREAL(-1.0,1.0)	UREAL(0.0,1.4142135623730951)	UREAL(0.0,0.0)	DIFFER	
175	URealValue.minus(value)	UREAL(-1.0,1.0) | UREAL(-1.0,0.5)	UREAL(0.0,1.118033988749895)	UREAL(0.0,0.5)	DIFFER	
176	URealValue.minus(value)	UREAL(-1.0,1.0) | UREAL(0.5,0.5)	UREAL(-1.5,1.118033988749895)	UREAL(-1.5,0.5)	DIFFER	
177	URealValue.minus(value)	UREAL(-1.0,1.0) | UREAL(-0.5,0.25)	UREAL(-0.5,1.0307764064044151)	UREAL(-0.5,0.75)	DIFFER	
178	URealValue.minus(value)	UREAL(-1.0,1.0) | UREAL(2.0,0.0)	UREAL(-3.0,1.0)	UREAL(-3.0,1.0)	AGREE	
179	URealValue.minus(value)	UREAL(-1.0,1.0) | UREAL(100.0,0.001)	UREAL(-101.0,1.000000499999875)	UREAL(-101.0,0.999)	DIFFER	
180	URealValue.minus(value)	UREAL(-1.0,1.0) | UREAL(-100.0,0.001)	UREAL(99.0,1.000000499999875)	UREAL(99.0,0.999)	DIFFER	
181	URealValue.minus(value)	UREAL(-1.0,1.0) | UREAL(4.9E-324,0.0)	UREAL(-1.0,1.0)	UREAL(-1.0,1.0)	AGREE	
182	URealValue.minus(value)	UREAL(-1.0,1.0) | UREAL(1.7976931348623157E308,0.0)	UREAL(-1.7976931348623157E308,1.0)	UREAL(-1.7976931348623157E308,1.0)	AGREE	
183	URealValue.minus(value)	UREAL(-1.0,1.0) | UREAL(-1.7976931348623157E308,0.0)	UREAL(1.7976931348623157E308,1.0)	UREAL(1.7976931348623157E308,1.0)	AGREE	
184	URealValue.minus(value)	UREAL(-1.0,1.0) | UREAL(NaN,0.0)	UREAL(NaN,1.0)	UREAL(NaN,1.0)	AGREE	
185	URealValue.minus(value)	UREAL(-1.0,1.0) | UREAL(Infinity,0.0)	UREAL(-Infinity,1.0)	UREAL(-Infinity,1.0)	AGREE	
186	URealValue.minus(value)	UREAL(-1.0,1.0) | UREAL(-Infinity,0.0)	UREAL(Infinity,1.0)	UREAL(Infinity,1.0)	AGREE	
187	URealValue.minus(value)	UREAL(-1.0,1.0) | UREAL(1.0,NaN)	UREAL(-2.0,NaN)	UREAL(-2.0,NaN)	AGREE	
188	URealValue.minus(value)	UREAL(-1.0,1.0) | UREAL(1.0,Infinity)	UREAL(-2.0,Infinity)	UREAL(-2.0,Infinity)	AGREE	
189	URealValue.minus(value)	UREAL(-1.0,1.0) | UREAL(1.0,-1.0)	UREAL(-2.0,1.4142135623730951)	UREAL(-2.0,2.0)	DIFFER	
190	URealValue.minus(value)	UREAL(-1.0,1.0) | UREAL(-46.064505,0.782649)	UREAL(45.064505,1.269858046082711)	UREAL(45.064505,0.21735099999999996)	DIFFER	
191	URealValue.minus(value)	UREAL(-1.0,1.0) | UREAL(28.230986,0.91554)	UREAL(-29.230986,1.355807320971531)	UREAL(-29.230986,0.08445999999999998)	DIFFER	
192	URealValue.minus(value)	UREAL(-1.0,1.0) | UREAL(47.696811,0.395191)	UREAL(-48.696811,1.0752562143419586)	UREAL(-48.696811,0.6048089999999999)	DIFFER	
193	URealValue.minus(value)	UREAL(-1.0,1.0) | UREAL(-61.870069,0.428633)	UREAL(60.870069,1.0879918421978172)	UREAL(60.870069,0.571367)	DIFFER	
194	URealValue.minus(value)	UREAL(-1.0,1.0) | UREAL(-98.361875,0.358527)	UREAL(97.361875,1.0623283907196492)	UREAL(97.361875,0.641473)	DIFFER	
195	URealValue.minus(value)	UREAL(-1.0,1.0) | UREAL(37.640335,0.974834)	UREAL(-38.640335,1.3965318927815433)	UREAL(-38.640335,0.02516600000000002)	DIFFER	
196	URealValue.minus(value)	UREAL(-1.0,0.5) | UREAL(0.0,0.0)	UREAL(-1.0,0.5)	UREAL(-1.0,0.5)	AGREE	
197	URealValue.minus(value)	UREAL(-1.0,0.5) | UREAL(0.0,1.0)	UREAL(-1.0,1.118033988749895)	UREAL(-1.0,0.5)	DIFFER	
198	URealValue.minus(value)	UREAL(-1.0,0.5) | UREAL(-0.0,0.0)	UREAL(-1.0,0.5)	UREAL(-1.0,0.5)	AGREE	
199	URealValue.minus(value)	UREAL(-1.0,0.5) | UREAL(1.0,0.0)	UREAL(-2.0,0.5)	UREAL(-2.0,0.5)	AGREE	
200	URealValue.minus(value)	UREAL(-1.0,0.5) | UREAL(1.0,1.0)	UREAL(-2.0,1.118033988749895)	UREAL(-2.0,0.5)	DIFFER	
201	URealValue.minus(value)	UREAL(-1.0,0.5) | UREAL(-1.0,0.0)	UREAL(0.0,0.5)	UREAL(0.0,0.5)	AGREE	
202	URealValue.minus(value)	UREAL(-1.0,0.5) | UREAL(-1.0,1.0)	UREAL(0.0,1.118033988749895)	UREAL(0.0,0.5)	DIFFER	
203	URealValue.minus(value)	UREAL(-1.0,0.5) | UREAL(-1.0,0.5)	UREAL(0.0,0.7071067811865476)	UREAL(0.0,0.0)	DIFFER	
204	URealValue.minus(value)	UREAL(-1.0,0.5) | UREAL(0.5,0.5)	UREAL(-1.5,0.7071067811865476)	UREAL(-1.5,0.0)	DIFFER	
205	URealValue.minus(value)	UREAL(-1.0,0.5) | UREAL(-0.5,0.25)	UREAL(-0.5,0.5590169943749475)	UREAL(-0.5,0.25)	DIFFER	
206	URealValue.minus(value)	UREAL(-1.0,0.5) | UREAL(2.0,0.0)	UREAL(-3.0,0.5)	UREAL(-3.0,0.5)	AGREE	
207	URealValue.minus(value)	UREAL(-1.0,0.5) | UREAL(100.0,0.001)	UREAL(-101.0,0.5000009999989999)	UREAL(-101.0,0.499)	DIFFER	
208	URealValue.minus(value)	UREAL(-1.0,0.5) | UREAL(-100.0,0.001)	UREAL(99.0,0.5000009999989999)	UREAL(99.0,0.499)	DIFFER	
209	URealValue.minus(value)	UREAL(-1.0,0.5) | UREAL(4.9E-324,0.0)	UREAL(-1.0,0.5)	UREAL(-1.0,0.5)	AGREE	
210	URealValue.minus(value)	UREAL(-1.0,0.5) | UREAL(1.7976931348623157E308,0.0)	UREAL(-1.7976931348623157E308,0.5)	UREAL(-1.7976931348623157E308,0.5)	AGREE	
211	URealValue.minus(value)	UREAL(-1.0,0.5) | UREAL(-1.7976931348623157E308,0.0)	UREAL(1.7976931348623157E308,0.5)	UREAL(1.7976931348623157E308,0.5)	AGREE	
212	URealValue.minus(value)	UREAL(-1.0,0.5) | UREAL(NaN,0.0)	UREAL(NaN,0.5)	UREAL(NaN,0.5)	AGREE	
213	URealValue.minus(value)	UREAL(-1.0,0.5) | UREAL(Infinity,0.0)	UREAL(-Infinity,0.5)	UREAL(-Infinity,0.5)	AGREE	
214	URealValue.minus(value)	UREAL(-1.0,0.5) | UREAL(-Infinity,0.0)	UREAL(Infinity,0.5)	UREAL(Infinity,0.5)	AGREE	
215	URealValue.minus(value)	UREAL(-1.0,0.5) | UREAL(1.0,NaN)	UREAL(-2.0,NaN)	UREAL(-2.0,NaN)	AGREE	
216	URealValue.minus(value)	UREAL(-1.0,0.5) | UREAL(1.0,Infinity)	UREAL(-2.0,Infinity)	UREAL(-2.0,Infinity)	AGREE	
217	URealValue.minus(value)	UREAL(-1.0,0.5) | UREAL(1.0,-1.0)	UREAL(-2.0,1.118033988749895)	UREAL(-2.0,1.5)	DIFFER	
218	URealValue.minus(value)	UREAL(-1.0,0.5) | UREAL(-46.064505,0.782649)	UREAL(45.064505,0.9287300238503114)	UREAL(45.064505,0.28264900000000004)	DIFFER	
219	URealValue.minus(value)	UREAL(-1.0,0.5) | UREAL(28.230986,0.91554)	UREAL(-29.230986,1.0431747176767658)	UREAL(-29.230986,0.41554)	DIFFER	
220	URealValue.minus(value)	UREAL(-1.0,0.5) | UREAL(47.696811,0.395191)	UREAL(-48.696811,0.637319328501027)	UREAL(-48.696811,0.10480899999999999)	DIFFER	
221	URealValue.minus(value)	UREAL(-1.0,0.5) | UREAL(-61.870069,0.428633)	UREAL(60.870069,0.6585789616203968)	UREAL(60.870069,0.07136700000000001)	DIFFER	
222	URealValue.minus(value)	UREAL(-1.0,0.5) | UREAL(-98.361875,0.358527)	UREAL(97.361875,0.6152573524379858)	UREAL(97.361875,0.14147300000000002)	DIFFER	
223	URealValue.minus(value)	UREAL(-1.0,0.5) | UREAL(37.640335,0.974834)	UREAL(-38.640335,1.0955826429603566)	UREAL(-38.640335,0.474834)	DIFFER	
224	URealValue.minus(value)	UREAL(0.5,0.5) | UREAL(0.0,0.0)	UREAL(0.5,0.5)	UREAL(0.5,0.5)	AGREE	
225	URealValue.minus(value)	UREAL(0.5,0.5) | UREAL(0.0,1.0)	UREAL(0.5,1.118033988749895)	UREAL(0.5,0.5)	DIFFER	
226	URealValue.minus(value)	UREAL(0.5,0.5) | UREAL(-0.0,0.0)	UREAL(0.5,0.5)	UREAL(0.5,0.5)	AGREE	
227	URealValue.minus(value)	UREAL(0.5,0.5) | UREAL(1.0,0.0)	UREAL(-0.5,0.5)	UREAL(-0.5,0.5)	AGREE	
228	URealValue.minus(value)	UREAL(0.5,0.5) | UREAL(1.0,1.0)	UREAL(-0.5,1.118033988749895)	UREAL(-0.5,0.5)	DIFFER	
229	URealValue.minus(value)	UREAL(0.5,0.5) | UREAL(-1.0,0.0)	UREAL(1.5,0.5)	UREAL(1.5,0.5)	AGREE	
230	URealValue.minus(value)	UREAL(0.5,0.5) | UREAL(-1.0,1.0)	UREAL(1.5,1.118033988749895)	UREAL(1.5,0.5)	DIFFER	
231	URealValue.minus(value)	UREAL(0.5,0.5) | UREAL(-1.0,0.5)	UREAL(1.5,0.7071067811865476)	UREAL(1.5,0.0)	DIFFER	
232	URealValue.minus(value)	UREAL(0.5,0.5) | UREAL(0.5,0.5)	UREAL(0.0,0.7071067811865476)	UREAL(0.0,0.0)	DIFFER	
233	URealValue.minus(value)	UREAL(0.5,0.5) | UREAL(-0.5,0.25)	UREAL(1.0,0.5590169943749475)	UREAL(1.0,0.25)	DIFFER	
234	URealValue.minus(value)	UREAL(0.5,0.5) | UREAL(2.0,0.0)	UREAL(-1.5,0.5)	UREAL(-1.5,0.5)	AGREE	
235	URealValue.minus(value)	UREAL(0.5,0.5) | UREAL(100.0,0.001)	UREAL(-99.5,0.5000009999989999)	UREAL(-99.5,0.499)	DIFFER	
236	URealValue.minus(value)	UREAL(0.5,0.5) | UREAL(-100.0,0.001)	UREAL(100.5,0.5000009999989999)	UREAL(100.5,0.499)	DIFFER	
237	URealValue.minus(value)	UREAL(0.5,0.5) | UREAL(4.9E-324,0.0)	UREAL(0.5,0.5)	UREAL(0.5,0.5)	AGREE	
238	URealValue.minus(value)	UREAL(0.5,0.5) | UREAL(1.7976931348623157E308,0.0)	UREAL(-1.7976931348623157E308,0.5)	UREAL(-1.7976931348623157E308,0.5)	AGREE	
239	URealValue.minus(value)	UREAL(0.5,0.5) | UREAL(-1.7976931348623157E308,0.0)	UREAL(1.7976931348623157E308,0.5)	UREAL(1.7976931348623157E308,0.5)	AGREE	
240	URealValue.minus(value)	UREAL(0.5,0.5) | UREAL(NaN,0.0)	UREAL(NaN,0.5)	UREAL(NaN,0.5)	AGREE	
241	URealValue.minus(value)	UREAL(0.5,0.5) | UREAL(Infinity,0.0)	UREAL(-Infinity,0.5)	UREAL(-Infinity,0.5)	AGREE	
242	URealValue.minus(value)	UREAL(0.5,0.5) | UREAL(-Infinity,0.0)	UREAL(Infinity,0.5)	UREAL(Infinity,0.5)	AGREE	
243	URealValue.minus(value)	UREAL(0.5,0.5) | UREAL(1.0,NaN)	UREAL(-0.5,NaN)	UREAL(-0.5,NaN)	AGREE	
244	URealValue.minus(value)	UREAL(0.5,0.5) | UREAL(1.0,Infinity)	UREAL(-0.5,Infinity)	UREAL(-0.5,Infinity)	AGREE	
245	URealValue.minus(value)	UREAL(0.5,0.5) | UREAL(1.0,-1.0)	UREAL(-0.5,1.118033988749895)	UREAL(-0.5,1.5)	DIFFER	
246	URealValue.minus(value)	UREAL(0.5,0.5) | UREAL(-46.064505,0.782649)	UREAL(46.564505,0.9287300238503114)	UREAL(46.564505,0.28264900000000004)	DIFFER	
247	URealValue.minus(value)	UREAL(0.5,0.5) | UREAL(28.230986,0.91554)	UREAL(-27.730986,1.0431747176767658)	UREAL(-27.730986,0.41554)	DIFFER	
248	URealValue.minus(value)	UREAL(0.5,0.5) | UREAL(47.696811,0.395191)	UREAL(-47.196811,0.637319328501027)	UREAL(-47.196811,0.10480899999999999)	DIFFER	
249	URealValue.minus(value)	UREAL(0.5,0.5) | UREAL(-61.870069,0.428633)	UREAL(62.370069,0.6585789616203968)	UREAL(62.370069,0.07136700000000001)	DIFFER	
250	URealValue.minus(value)	UREAL(0.5,0.5) | UREAL(-98.361875,0.358527)	UREAL(98.861875,0.6152573524379858)	UREAL(98.861875,0.14147300000000002)	DIFFER	
251	URealValue.minus(value)	UREAL(0.5,0.5) | UREAL(37.640335,0.974834)	UREAL(-37.140335,1.0955826429603566)	UREAL(-37.140335,0.474834)	DIFFER	
252	URealValue.minus(value)	UREAL(-0.5,0.25) | UREAL(0.0,0.0)	UREAL(-0.5,0.25)	UREAL(-0.5,0.25)	AGREE	
253	URealValue.minus(value)	UREAL(-0.5,0.25) | UREAL(0.0,1.0)	UREAL(-0.5,1.0307764064044151)	UREAL(-0.5,0.75)	DIFFER	
254	URealValue.minus(value)	UREAL(-0.5,0.25) | UREAL(-0.0,0.0)	UREAL(-0.5,0.25)	UREAL(-0.5,0.25)	AGREE	
255	URealValue.minus(value)	UREAL(-0.5,0.25) | UREAL(1.0,0.0)	UREAL(-1.5,0.25)	UREAL(-1.5,0.25)	AGREE	
256	URealValue.minus(value)	UREAL(-0.5,0.25) | UREAL(1.0,1.0)	UREAL(-1.5,1.0307764064044151)	UREAL(-1.5,0.75)	DIFFER	
257	URealValue.minus(value)	UREAL(-0.5,0.25) | UREAL(-1.0,0.0)	UREAL(0.5,0.25)	UREAL(0.5,0.25)	AGREE	
258	URealValue.minus(value)	UREAL(-0.5,0.25) | UREAL(-1.0,1.0)	UREAL(0.5,1.0307764064044151)	UREAL(0.5,0.75)	DIFFER	
259	URealValue.minus(value)	UREAL(-0.5,0.25) | UREAL(-1.0,0.5)	UREAL(0.5,0.5590169943749475)	UREAL(0.5,0.25)	DIFFER	
260	URealValue.minus(value)	UREAL(-0.5,0.25) | UREAL(0.5,0.5)	UREAL(-1.0,0.5590169943749475)	UREAL(-1.0,0.25)	DIFFER	
261	URealValue.minus(value)	UREAL(-0.5,0.25) | UREAL(-0.5,0.25)	UREAL(0.0,0.3535533905932738)	UREAL(0.0,0.0)	DIFFER	
262	URealValue.minus(value)	UREAL(-0.5,0.25) | UREAL(2.0,0.0)	UREAL(-2.5,0.25)	UREAL(-2.5,0.25)	AGREE	
263	URealValue.minus(value)	UREAL(-0.5,0.25) | UREAL(100.0,0.001)	UREAL(-100.5,0.25000199999200007)	UREAL(-100.5,0.249)	DIFFER	
264	URealValue.minus(value)	UREAL(-0.5,0.25) | UREAL(-100.0,0.001)	UREAL(99.5,0.25000199999200007)	UREAL(99.5,0.249)	DIFFER	
265	URealValue.minus(value)	UREAL(-0.5,0.25) | UREAL(4.9E-324,0.0)	UREAL(-0.5,0.25)	UREAL(-0.5,0.25)	AGREE	
266	URealValue.minus(value)	UREAL(-0.5,0.25) | UREAL(1.7976931348623157E308,0.0)	UREAL(-1.7976931348623157E308,0.25)	UREAL(-1.7976931348623157E308,0.25)	AGREE	
267	URealValue.minus(value)	UREAL(-0.5,0.25) | UREAL(-1.7976931348623157E308,0.0)	UREAL(1.7976931348623157E308,0.25)	UREAL(1.7976931348623157E308,0.25)	AGREE	
268	URealValue.minus(value)	UREAL(-0.5,0.25) | UREAL(NaN,0.0)	UREAL(NaN,0.25)	UREAL(NaN,0.25)	AGREE	
269	URealValue.minus(value)	UREAL(-0.5,0.25) | UREAL(Infinity,0.0)	UREAL(-Infinity,0.25)	UREAL(-Infinity,0.25)	AGREE	
270	URealValue.minus(value)	UREAL(-0.5,0.25) | UREAL(-Infinity,0.0)	UREAL(Infinity,0.25)	UREAL(Infinity,0.25)	AGREE	
271	URealValue.minus(value)	UREAL(-0.5,0.25) | UREAL(1.0,NaN)	UREAL(-1.5,NaN)	UREAL(-1.5,NaN)	AGREE	
272	URealValue.minus(value)	UREAL(-0.5,0.25) | UREAL(1.0,Infinity)	UREAL(-1.5,Infinity)	UREAL(-1.5,Infinity)	AGREE	
273	URealValue.minus(value)	UREAL(-0.5,0.25) | UREAL(1.0,-1.0)	UREAL(-1.5,1.0307764064044151)	UREAL(-1.5,1.25)	DIFFER	
274	URealValue.minus(value)	UREAL(-0.5,0.25) | UREAL(-46.064505,0.782649)	UREAL(45.564505,0.8216078487946669)	UREAL(45.564505,0.532649)	DIFFER	
275	URealValue.minus(value)	UREAL(-0.5,0.25) | UREAL(28.230986,0.91554)	UREAL(-28.730986,0.9490592666425001)	UREAL(-28.730986,0.66554)	DIFFER	
276	URealValue.minus(value)	UREAL(-0.5,0.25) | UREAL(47.696811,0.395191)	UREAL(-48.196811,0.46762797871919515)	UREAL(-48.196811,0.14519100000000001)	DIFFER	
277	URealValue.minus(value)	UREAL(-0.5,0.25) | UREAL(-61.870069,0.428633)	UREAL(61.370069,0.49621189897965967)	UREAL(61.370069,0.178633)	DIFFER	
278	URealValue.minus(value)	UREAL(-0.5,0.25) | UREAL(-98.361875,0.358527)	UREAL(97.861875,0.43708306959775967)	UREAL(97.861875,0.10852699999999998)	DIFFER	
279	URealValue.minus(value)	UREAL(-0.5,0.25) | UREAL(37.640335,0.974834)	UREAL(-38.140335,1.0063803096026869)	UREAL(-38.140335,0.724834)	DIFFER	
280	URealValue.minus(value)	UREAL(2.0,0.0) | UREAL(0.0,0.0)	UREAL(2.0,0.0)	UREAL(2.0,0.0)	AGREE	
281	URealValue.minus(value)	UREAL(2.0,0.0) | UREAL(0.0,1.0)	UREAL(2.0,1.0)	UREAL(2.0,1.0)	AGREE	
282	URealValue.minus(value)	UREAL(2.0,0.0) | UREAL(-0.0,0.0)	UREAL(2.0,0.0)	UREAL(2.0,0.0)	AGREE	
283	URealValue.minus(value)	UREAL(2.0,0.0) | UREAL(1.0,0.0)	UREAL(1.0,0.0)	UREAL(1.0,0.0)	AGREE	
284	URealValue.minus(value)	UREAL(2.0,0.0) | UREAL(1.0,1.0)	UREAL(1.0,1.0)	UREAL(1.0,1.0)	AGREE	
285	URealValue.minus(value)	UREAL(2.0,0.0) | UREAL(-1.0,0.0)	UREAL(3.0,0.0)	UREAL(3.0,0.0)	AGREE	
286	URealValue.minus(value)	UREAL(2.0,0.0) | UREAL(-1.0,1.0)	UREAL(3.0,1.0)	UREAL(3.0,1.0)	AGREE	
287	URealValue.minus(value)	UREAL(2.0,0.0) | UREAL(-1.0,0.5)	UREAL(3.0,0.5)	UREAL(3.0,0.5)	AGREE	
288	URealValue.minus(value)	UREAL(2.0,0.0) | UREAL(0.5,0.5)	UREAL(1.5,0.5)	UREAL(1.5,0.5)	AGREE	
289	URealValue.minus(value)	UREAL(2.0,0.0) | UREAL(-0.5,0.25)	UREAL(2.5,0.25)	UREAL(2.5,0.25)	AGREE	
290	URealValue.minus(value)	UREAL(2.0,0.0) | UREAL(2.0,0.0)	UREAL(0.0,0.0)	UREAL(0.0,0.0)	AGREE	
291	URealValue.minus(value)	UREAL(2.0,0.0) | UREAL(100.0,0.001)	UREAL(-98.0,0.001)	UREAL(-98.0,0.001)	AGREE	
292	URealValue.minus(value)	UREAL(2.0,0.0) | UREAL(-100.0,0.001)	UREAL(102.0,0.001)	UREAL(102.0,0.001)	AGREE	
293	URealValue.minus(value)	UREAL(2.0,0.0) | UREAL(4.9E-324,0.0)	UREAL(2.0,0.0)	UREAL(2.0,0.0)	AGREE	
294	URealValue.minus(value)	UREAL(2.0,0.0) | UREAL(1.7976931348623157E308,0.0)	UREAL(-1.7976931348623157E308,0.0)	UREAL(-1.7976931348623157E308,0.0)	AGREE	
295	URealValue.minus(value)	UREAL(2.0,0.0) | UREAL(-1.7976931348623157E308,0.0)	UREAL(1.7976931348623157E308,0.0)	UREAL(1.7976931348623157E308,0.0)	AGREE	
296	URealValue.minus(value)	UREAL(2.0,0.0) | UREAL(NaN,0.0)	UREAL(NaN,0.0)	UREAL(NaN,0.0)	AGREE	
297	URealValue.minus(value)	UREAL(2.0,0.0) | UREAL(Infinity,0.0)	UREAL(-Infinity,0.0)	UREAL(-Infinity,0.0)	AGREE	
298	URealValue.minus(value)	UREAL(2.0,0.0) | UREAL(-Infinity,0.0)	UREAL(Infinity,0.0)	UREAL(Infinity,0.0)	AGREE	
299	URealValue.minus(value)	UREAL(2.0,0.0) | UREAL(1.0,NaN)	UREAL(1.0,NaN)	UREAL(1.0,NaN)	AGREE	
300	URealValue.minus(value)	UREAL(2.0,0.0) | UREAL(1.0,Infinity)	UREAL(1.0,Infinity)	UREAL(1.0,Infinity)	AGREE	
301	URealValue.minus(value)	UREAL(2.0,0.0) | UREAL(1.0,-1.0)	UREAL(1.0,1.0)	UREAL(1.0,1.0)	AGREE	
302	URealValue.minus(value)	UREAL(2.0,0.0) | UREAL(-46.064505,0.782649)	UREAL(48.064505,0.782649)	UREAL(48.064505,0.782649)	AGREE	
303	URealValue.minus(value)	UREAL(2.0,0.0) | UREAL(28.230986,0.91554)	UREAL(-26.230986,0.91554)	UREAL(-26.230986,0.91554)	AGREE	
304	URealValue.minus(value)	UREAL(2.0,0.0) | UREAL(47.696811,0.395191)	UREAL(-45.696811,0.395191)	UREAL(-45.696811,0.395191)	AGREE	
305	URealValue.minus(value)	UREAL(2.0,0.0) | UREAL(-61.870069,0.428633)	UREAL(63.870069,0.428633)	UREAL(63.870069,0.428633)	AGREE	
306	URealValue.minus(value)	UREAL(2.0,0.0) | UREAL(-98.361875,0.358527)	UREAL(100.361875,0.358527)	UREAL(100.361875,0.358527)	AGREE	
307	URealValue.minus(value)	UREAL(2.0,0.0) | UREAL(37.640335,0.974834)	UREAL(-35.640335,0.974834)	UREAL(-35.640335,0.974834)	AGREE	
308	URealValue.minus(value)	UREAL(100.0,0.001) | UREAL(0.0,0.0)	UREAL(100.0,0.001)	UREAL(100.0,0.001)	AGREE	
309	URealValue.minus(value)	UREAL(100.0,0.001) | UREAL(0.0,1.0)	UREAL(100.0,1.000000499999875)	UREAL(100.0,0.999)	DIFFER	
310	URealValue.minus(value)	UREAL(100.0,0.001) | UREAL(-0.0,0.0)	UREAL(100.0,0.001)	UREAL(100.0,0.001)	AGREE	
311	URealValue.minus(value)	UREAL(100.0,0.001) | UREAL(1.0,0.0)	UREAL(99.0,0.001)	UREAL(99.0,0.001)	AGREE	
312	URealValue.minus(value)	UREAL(100.0,0.001) | UREAL(1.0,1.0)	UREAL(99.0,1.000000499999875)	UREAL(99.0,0.999)	DIFFER	
313	URealValue.minus(value)	UREAL(100.0,0.001) | UREAL(-1.0,0.0)	UREAL(101.0,0.001)	UREAL(101.0,0.001)	AGREE	
314	URealValue.minus(value)	UREAL(100.0,0.001) | UREAL(-1.0,1.0)	UREAL(101.0,1.000000499999875)	UREAL(101.0,0.999)	DIFFER	
315	URealValue.minus(value)	UREAL(100.0,0.001) | UREAL(-1.0,0.5)	UREAL(101.0,0.5000009999989999)	UREAL(101.0,0.499)	DIFFER	
316	URealValue.minus(value)	UREAL(100.0,0.001) | UREAL(0.5,0.5)	UREAL(99.5,0.5000009999989999)	UREAL(99.5,0.499)	DIFFER	
317	URealValue.minus(value)	UREAL(100.0,0.001) | UREAL(-0.5,0.25)	UREAL(100.5,0.25000199999200007)	UREAL(100.5,0.249)	DIFFER	
318	URealValue.minus(value)	UREAL(100.0,0.001) | UREAL(2.0,0.0)	UREAL(98.0,0.001)	UREAL(98.0,0.001)	AGREE	
319	URealValue.minus(value)	UREAL(100.0,0.001) | UREAL(100.0,0.001)	UREAL(0.0,0.001414213562373095)	UREAL(0.0,0.0)	DIFFER	
320	URealValue.minus(value)	UREAL(100.0,0.001) | UREAL(-100.0,0.001)	UREAL(200.0,0.001414213562373095)	UREAL(200.0,0.0)	DIFFER	
321	URealValue.minus(value)	UREAL(100.0,0.001) | UREAL(4.9E-324,0.0)	UREAL(100.0,0.001)	UREAL(100.0,0.001)	AGREE	
322	URealValue.minus(value)	UREAL(100.0,0.001) | UREAL(1.7976931348623157E308,0.0)	UREAL(-1.7976931348623157E308,0.001)	UREAL(-1.7976931348623157E308,0.001)	AGREE	
323	URealValue.minus(value)	UREAL(100.0,0.001) | UREAL(-1.7976931348623157E308,0.0)	UREAL(1.7976931348623157E308,0.001)	UREAL(1.7976931348623157E308,0.001)	AGREE	
324	URealValue.minus(value)	UREAL(100.0,0.001) | UREAL(NaN,0.0)	UREAL(NaN,0.001)	UREAL(NaN,0.001)	AGREE	
325	URealValue.minus(value)	UREAL(100.0,0.001) | UREAL(Infinity,0.0)	UREAL(-Infinity,0.001)	UREAL(-Infinity,0.001)	AGREE	
326	URealValue.minus(value)	UREAL(100.0,0.001) | UREAL(-Infinity,0.0)	UREAL(Infinity,0.001)	UREAL(Infinity,0.001)	AGREE	
327	URealValue.minus(value)	UREAL(100.0,0.001) | UREAL(1.0,NaN)	UREAL(99.0,NaN)	UREAL(99.0,NaN)	AGREE	
328	URealValue.minus(value)	UREAL(100.0,0.001) | UREAL(1.0,Infinity)	UREAL(99.0,Infinity)	UREAL(99.0,Infinity)	AGREE	
329	URealValue.minus(value)	UREAL(100.0,0.001) | UREAL(1.0,-1.0)	UREAL(99.0,1.000000499999875)	UREAL(99.0,1.001)	DIFFER	
330	URealValue.minus(value)	UREAL(100.0,0.001) | UREAL(-46.064505,0.782649)	UREAL(146.064505,0.7826496388557271)	UREAL(146.064505,0.781649)	DIFFER	
331	URealValue.minus(value)	UREAL(100.0,0.001) | UREAL(28.230986,0.91554)	UREAL(71.769014,0.9155405461256209)	UREAL(71.769014,0.91454)	DIFFER	
332	URealValue.minus(value)	UREAL(100.0,0.001) | UREAL(47.696811,0.395191)	UREAL(52.303189,0.39519226520897394)	UREAL(52.303189,0.394191)	DIFFER	
333	URealValue.minus(value)	UREAL(100.0,0.001) | UREAL(-61.870069,0.428633)	UREAL(161.870069,0.4286341664974923)	UREAL(161.870069,0.427633)	DIFFER	
334	URealValue.minus(value)	UREAL(100.0,0.001) | UREAL(-98.361875,0.358527)	UREAL(198.361875,0.3585283945923949)	UREAL(198.361875,0.357527)	DIFFER	
335	URealValue.minus(value)	UREAL(100.0,0.001) | UREAL(37.640335,0.974834)	UREAL(62.359665,0.9748345129077037)	UREAL(62.359665,0.973834)	DIFFER	
336	URealValue.minus(value)	UREAL(-100.0,0.001) | UREAL(0.0,0.0)	UREAL(-100.0,0.001)	UREAL(-100.0,0.001)	AGREE	
337	URealValue.minus(value)	UREAL(-100.0,0.001) | UREAL(0.0,1.0)	UREAL(-100.0,1.000000499999875)	UREAL(-100.0,0.999)	DIFFER	
338	URealValue.minus(value)	UREAL(-100.0,0.001) | UREAL(-0.0,0.0)	UREAL(-100.0,0.001)	UREAL(-100.0,0.001)	AGREE	
339	URealValue.minus(value)	UREAL(-100.0,0.001) | UREAL(1.0,0.0)	UREAL(-101.0,0.001)	UREAL(-101.0,0.001)	AGREE	
340	URealValue.minus(value)	UREAL(-100.0,0.001) | UREAL(1.0,1.0)	UREAL(-101.0,1.000000499999875)	UREAL(-101.0,0.999)	DIFFER	
341	URealValue.minus(value)	UREAL(-100.0,0.001) | UREAL(-1.0,0.0)	UREAL(-99.0,0.001)	UREAL(-99.0,0.001)	AGREE	
342	URealValue.minus(value)	UREAL(-100.0,0.001) | UREAL(-1.0,1.0)	UREAL(-99.0,1.000000499999875)	UREAL(-99.0,0.999)	DIFFER	
343	URealValue.minus(value)	UREAL(-100.0,0.001) | UREAL(-1.0,0.5)	UREAL(-99.0,0.5000009999989999)	UREAL(-99.0,0.499)	DIFFER	
344	URealValue.minus(value)	UREAL(-100.0,0.001) | UREAL(0.5,0.5)	UREAL(-100.5,0.5000009999989999)	UREAL(-100.5,0.499)	DIFFER	
345	URealValue.minus(value)	UREAL(-100.0,0.001) | UREAL(-0.5,0.25)	UREAL(-99.5,0.25000199999200007)	UREAL(-99.5,0.249)	DIFFER	
346	URealValue.minus(value)	UREAL(-100.0,0.001) | UREAL(2.0,0.0)	UREAL(-102.0,0.001)	UREAL(-102.0,0.001)	AGREE	
347	URealValue.minus(value)	UREAL(-100.0,0.001) | UREAL(100.0,0.001)	UREAL(-200.0,0.001414213562373095)	UREAL(-200.0,0.0)	DIFFER	
348	URealValue.minus(value)	UREAL(-100.0,0.001) | UREAL(-100.0,0.001)	UREAL(0.0,0.001414213562373095)	UREAL(0.0,0.0)	DIFFER	
349	URealValue.minus(value)	UREAL(-100.0,0.001) | UREAL(4.9E-324,0.0)	UREAL(-100.0,0.001)	UREAL(-100.0,0.001)	AGREE	
350	URealValue.minus(value)	UREAL(-100.0,0.001) | UREAL(1.7976931348623157E308,0.0)	UREAL(-1.7976931348623157E308,0.001)	UREAL(-1.7976931348623157E308,0.001)	AGREE	
351	URealValue.minus(value)	UREAL(-100.0,0.001) | UREAL(-1.7976931348623157E308,0.0)	UREAL(1.7976931348623157E308,0.001)	UREAL(1.7976931348623157E308,0.001)	AGREE	
352	URealValue.minus(value)	UREAL(-100.0,0.001) | UREAL(NaN,0.0)	UREAL(NaN,0.001)	UREAL(NaN,0.001)	AGREE	
353	URealValue.minus(value)	UREAL(-100.0,0.001) | UREAL(Infinity,0.0)	UREAL(-Infinity,0.001)	UREAL(-Infinity,0.001)	AGREE	
354	URealValue.minus(value)	UREAL(-100.0,0.001) | UREAL(-Infinity,0.0)	UREAL(Infinity,0.001)	UREAL(Infinity,0.001)	AGREE	
355	URealValue.minus(value)	UREAL(-100.0,0.001) | UREAL(1.0,NaN)	UREAL(-101.0,NaN)	UREAL(-101.0,NaN)	AGREE	
356	URealValue.minus(value)	UREAL(-100.0,0.001) | UREAL(1.0,Infinity)	UREAL(-101.0,Infinity)	UREAL(-101.0,Infinity)	AGREE	
357	URealValue.minus(value)	UREAL(-100.0,0.001) | UREAL(1.0,-1.0)	UREAL(-101.0,1.000000499999875)	UREAL(-101.0,1.001)	DIFFER	
358	URealValue.minus(value)	UREAL(-100.0,0.001) | UREAL(-46.064505,0.782649)	UREAL(-53.935495,0.7826496388557271)	UREAL(-53.935495,0.781649)	DIFFER	
359	URealValue.minus(value)	UREAL(-100.0,0.001) | UREAL(28.230986,0.91554)	UREAL(-128.230986,0.9155405461256209)	UREAL(-128.230986,0.91454)	DIFFER	
360	URealValue.minus(value)	UREAL(-100.0,0.001) | UREAL(47.696811,0.395191)	UREAL(-147.696811,0.39519226520897394)	UREAL(-147.696811,0.394191)	DIFFER	
361	URealValue.minus(value)	UREAL(-100.0,0.001) | UREAL(-61.870069,0.428633)	UREAL(-38.129931,0.4286341664974923)	UREAL(-38.129931,0.427633)	DIFFER	
362	URealValue.minus(value)	UREAL(-100.0,0.001) | UREAL(-98.361875,0.358527)	UREAL(-1.6381250000000023,0.3585283945923949)	UREAL(-1.6381250000000023,0.357527)	DIFFER	
363	URealValue.minus(value)	UREAL(-100.0,0.001) | UREAL(37.640335,0.974834)	UREAL(-137.640335,0.9748345129077037)	UREAL(-137.640335,0.973834)	DIFFER	
364	URealValue.minus(value)	UREAL(4.9E-324,0.0) | UREAL(0.0,0.0)	UREAL(4.9E-324,0.0)	UREAL(4.9E-324,0.0)	AGREE	
365	URealValue.minus(value)	UREAL(4.9E-324,0.0) | UREAL(0.0,1.0)	UREAL(4.9E-324,1.0)	UREAL(4.9E-324,1.0)	AGREE	
366	URealValue.minus(value)	UREAL(4.9E-324,0.0) | UREAL(-0.0,0.0)	UREAL(4.9E-324,0.0)	UREAL(4.9E-324,0.0)	AGREE	
367	URealValue.minus(value)	UREAL(4.9E-324,0.0) | UREAL(1.0,0.0)	UREAL(-1.0,0.0)	UREAL(-1.0,0.0)	AGREE	
368	URealValue.minus(value)	UREAL(4.9E-324,0.0) | UREAL(1.0,1.0)	UREAL(-1.0,1.0)	UREAL(-1.0,1.0)	AGREE	
369	URealValue.minus(value)	UREAL(4.9E-324,0.0) | UREAL(-1.0,0.0)	UREAL(1.0,0.0)	UREAL(1.0,0.0)	AGREE	
370	URealValue.minus(value)	UREAL(4.9E-324,0.0) | UREAL(-1.0,1.0)	UREAL(1.0,1.0)	UREAL(1.0,1.0)	AGREE	
371	URealValue.minus(value)	UREAL(4.9E-324,0.0) | UREAL(-1.0,0.5)	UREAL(1.0,0.5)	UREAL(1.0,0.5)	AGREE	
372	URealValue.minus(value)	UREAL(4.9E-324,0.0) | UREAL(0.5,0.5)	UREAL(-0.5,0.5)	UREAL(-0.5,0.5)	AGREE	
373	URealValue.minus(value)	UREAL(4.9E-324,0.0) | UREAL(-0.5,0.25)	UREAL(0.5,0.25)	UREAL(0.5,0.25)	AGREE	
374	URealValue.minus(value)	UREAL(4.9E-324,0.0) | UREAL(2.0,0.0)	UREAL(-2.0,0.0)	UREAL(-2.0,0.0)	AGREE	
375	URealValue.minus(value)	UREAL(4.9E-324,0.0) | UREAL(100.0,0.001)	UREAL(-100.0,0.001)	UREAL(-100.0,0.001)	AGREE	
376	URealValue.minus(value)	UREAL(4.9E-324,0.0) | UREAL(-100.0,0.001)	UREAL(100.0,0.001)	UREAL(100.0,0.001)	AGREE	
377	URealValue.minus(value)	UREAL(4.9E-324,0.0) | UREAL(4.9E-324,0.0)	UREAL(0.0,0.0)	UREAL(0.0,0.0)	AGREE	
378	URealValue.minus(value)	UREAL(4.9E-324,0.0) | UREAL(1.7976931348623157E308,0.0)	UREAL(-1.7976931348623157E308,0.0)	UREAL(-1.7976931348623157E308,0.0)	AGREE	
379	URealValue.minus(value)	UREAL(4.9E-324,0.0) | UREAL(-1.7976931348623157E308,0.0)	UREAL(1.7976931348623157E308,0.0)	UREAL(1.7976931348623157E308,0.0)	AGREE	
380	URealValue.minus(value)	UREAL(4.9E-324,0.0) | UREAL(NaN,0.0)	UREAL(NaN,0.0)	UREAL(NaN,0.0)	AGREE	
381	URealValue.minus(value)	UREAL(4.9E-324,0.0) | UREAL(Infinity,0.0)	UREAL(-Infinity,0.0)	UREAL(-Infinity,0.0)	AGREE	
382	URealValue.minus(value)	UREAL(4.9E-324,0.0) | UREAL(-Infinity,0.0)	UREAL(Infinity,0.0)	UREAL(Infinity,0.0)	AGREE	
383	URealValue.minus(value)	UREAL(4.9E-324,0.0) | UREAL(1.0,NaN)	UREAL(-1.0,NaN)	UREAL(-1.0,NaN)	AGREE	
384	URealValue.minus(value)	UREAL(4.9E-324,0.0) | UREAL(1.0,Infinity)	UREAL(-1.0,Infinity)	UREAL(-1.0,Infinity)	AGREE	
385	URealValue.minus(value)	UREAL(4.9E-324,0.0) | UREAL(1.0,-1.0)	UREAL(-1.0,1.0)	UREAL(-1.0,1.0)	AGREE	
386	URealValue.minus(value)	UREAL(4.9E-324,0.0) | UREAL(-46.064505,0.782649)	UREAL(46.064505,0.782649)	UREAL(46.064505,0.782649)	AGREE	
387	URealValue.minus(value)	UREAL(4.9E-324,0.0) | UREAL(28.230986,0.91554)	UREAL(-28.230986,0.91554)	UREAL(-28.230986,0.91554)	AGREE	
388	URealValue.minus(value)	UREAL(4.9E-324,0.0) | UREAL(47.696811,0.395191)	UREAL(-47.696811,0.395191)	UREAL(-47.696811,0.395191)	AGREE	
389	URealValue.minus(value)	UREAL(4.9E-324,0.0) | UREAL(-61.870069,0.428633)	UREAL(61.870069,0.428633)	UREAL(61.870069,0.428633)	AGREE	
390	URealValue.minus(value)	UREAL(4.9E-324,0.0) | UREAL(-98.361875,0.358527)	UREAL(98.361875,0.358527)	UREAL(98.361875,0.358527)	AGREE	
391	URealValue.minus(value)	UREAL(4.9E-324,0.0) | UREAL(37.640335,0.974834)	UREAL(-37.640335,0.974834)	UREAL(-37.640335,0.974834)	AGREE	
392	URealValue.minus(value)	UREAL(1.7976931348623157E308,0.0) | UREAL(0.0,0.0)	UREAL(1.7976931348623157E308,0.0)	UREAL(1.7976931348623157E308,0.0)	AGREE	
393	URealValue.minus(value)	UREAL(1.7976931348623157E308,0.0) | UREAL(0.0,1.0)	UREAL(1.7976931348623157E308,1.0)	UREAL(1.7976931348623157E308,1.0)	AGREE	
394	URealValue.minus(value)	UREAL(1.7976931348623157E308,0.0) | UREAL(-0.0,0.0)	UREAL(1.7976931348623157E308,0.0)	UREAL(1.7976931348623157E308,0.0)	AGREE	
395	URealValue.minus(value)	UREAL(1.7976931348623157E308,0.0) | UREAL(1.0,0.0)	UREAL(1.7976931348623157E308,0.0)	UREAL(1.7976931348623157E308,0.0)	AGREE	
396	URealValue.minus(value)	UREAL(1.7976931348623157E308,0.0) | UREAL(1.0,1.0)	UREAL(1.7976931348623157E308,1.0)	UREAL(1.7976931348623157E308,1.0)	AGREE	
397	URealValue.minus(value)	UREAL(1.7976931348623157E308,0.0) | UREAL(-1.0,0.0)	UREAL(1.7976931348623157E308,0.0)	UREAL(1.7976931348623157E308,0.0)	AGREE	
398	URealValue.minus(value)	UREAL(1.7976931348623157E308,0.0) | UREAL(-1.0,1.0)	UREAL(1.7976931348623157E308,1.0)	UREAL(1.7976931348623157E308,1.0)	AGREE	
399	URealValue.minus(value)	UREAL(1.7976931348623157E308,0.0) | UREAL(-1.0,0.5)	UREAL(1.7976931348623157E308,0.5)	UREAL(1.7976931348623157E308,0.5)	AGREE	
400	URealValue.minus(value)	UREAL(1.7976931348623157E308,0.0) | UREAL(0.5,0.5)	UREAL(1.7976931348623157E308,0.5)	UREAL(1.7976931348623157E308,0.5)	AGREE	
401	URealValue.minus(value)	UREAL(1.7976931348623157E308,0.0) | UREAL(-0.5,0.25)	UREAL(1.7976931348623157E308,0.25)	UREAL(1.7976931348623157E308,0.25)	AGREE	
402	URealValue.minus(value)	UREAL(1.7976931348623157E308,0.0) | UREAL(2.0,0.0)	UREAL(1.7976931348623157E308,0.0)	UREAL(1.7976931348623157E308,0.0)	AGREE	
403	URealValue.minus(value)	UREAL(1.7976931348623157E308,0.0) | UREAL(100.0,0.001)	UREAL(1.7976931348623157E308,0.001)	UREAL(1.7976931348623157E308,0.001)	AGREE	
404	URealValue.minus(value)	UREAL(1.7976931348623157E308,0.0) | UREAL(-100.0,0.001)	UREAL(1.7976931348623157E308,0.001)	UREAL(1.7976931348623157E308,0.001)	AGREE	
405	URealValue.minus(value)	UREAL(1.7976931348623157E308,0.0) | UREAL(4.9E-324,0.0)	UREAL(1.7976931348623157E308,0.0)	UREAL(1.7976931348623157E308,0.0)	AGREE	
406	URealValue.minus(value)	UREAL(1.7976931348623157E308,0.0) | UREAL(1.7976931348623157E308,0.0)	UREAL(0.0,0.0)	UREAL(0.0,0.0)	AGREE	
407	URealValue.minus(value)	UREAL(1.7976931348623157E308,0.0) | UREAL(-1.7976931348623157E308,0.0)	UREAL(Infinity,0.0)	UREAL(Infinity,0.0)	AGREE	
408	URealValue.minus(value)	UREAL(1.7976931348623157E308,0.0) | UREAL(NaN,0.0)	UREAL(NaN,0.0)	UREAL(NaN,0.0)	AGREE	
409	URealValue.minus(value)	UREAL(1.7976931348623157E308,0.0) | UREAL(Infinity,0.0)	UREAL(-Infinity,0.0)	UREAL(-Infinity,0.0)	AGREE	
410	URealValue.minus(value)	UREAL(1.7976931348623157E308,0.0) | UREAL(-Infinity,0.0)	UREAL(Infinity,0.0)	UREAL(Infinity,0.0)	AGREE	
411	URealValue.minus(value)	UREAL(1.7976931348623157E308,0.0) | UREAL(1.0,NaN)	UREAL(1.7976931348623157E308,NaN)	UREAL(1.7976931348623157E308,NaN)	AGREE	
412	URealValue.minus(value)	UREAL(1.7976931348623157E308,0.0) | UREAL(1.0,Infinity)	UREAL(1.7976931348623157E308,Infinity)	UREAL(1.7976931348623157E308,Infinity)	AGREE	
413	URealValue.minus(value)	UREAL(1.7976931348623157E308,0.0) | UREAL(1.0,-1.0)	UREAL(1.7976931348623157E308,1.0)	UREAL(1.7976931348623157E308,1.0)	AGREE	
414	URealValue.minus(value)	UREAL(1.7976931348623157E308,0.0) | UREAL(-46.064505,0.782649)	UREAL(1.7976931348623157E308,0.782649)	UREAL(1.7976931348623157E308,0.782649)	AGREE	
415	URealValue.minus(value)	UREAL(1.7976931348623157E308,0.0) | UREAL(28.230986,0.91554)	UREAL(1.7976931348623157E308,0.91554)	UREAL(1.7976931348623157E308,0.91554)	AGREE	
416	URealValue.minus(value)	UREAL(1.7976931348623157E308,0.0) | UREAL(47.696811,0.395191)	UREAL(1.7976931348623157E308,0.395191)	UREAL(1.7976931348623157E308,0.395191)	AGREE	
417	URealValue.minus(value)	UREAL(1.7976931348623157E308,0.0) | UREAL(-61.870069,0.428633)	UREAL(1.7976931348623157E308,0.428633)	UREAL(1.7976931348623157E308,0.428633)	AGREE	
418	URealValue.minus(value)	UREAL(1.7976931348623157E308,0.0) | UREAL(-98.361875,0.358527)	UREAL(1.7976931348623157E308,0.358527)	UREAL(1.7976931348623157E308,0.358527)	AGREE	
419	URealValue.minus(value)	UREAL(1.7976931348623157E308,0.0) | UREAL(37.640335,0.974834)	UREAL(1.7976931348623157E308,0.974834)	UREAL(1.7976931348623157E308,0.974834)	AGREE	
420	URealValue.minus(value)	UREAL(-1.7976931348623157E308,0.0) | UREAL(0.0,0.0)	UREAL(-1.7976931348623157E308,0.0)	UREAL(-1.7976931348623157E308,0.0)	AGREE	
421	URealValue.minus(value)	UREAL(-1.7976931348623157E308,0.0) | UREAL(0.0,1.0)	UREAL(-1.7976931348623157E308,1.0)	UREAL(-1.7976931348623157E308,1.0)	AGREE	
422	URealValue.minus(value)	UREAL(-1.7976931348623157E308,0.0) | UREAL(-0.0,0.0)	UREAL(-1.7976931348623157E308,0.0)	UREAL(-1.7976931348623157E308,0.0)	AGREE	
423	URealValue.minus(value)	UREAL(-1.7976931348623157E308,0.0) | UREAL(1.0,0.0)	UREAL(-1.7976931348623157E308,0.0)	UREAL(-1.7976931348623157E308,0.0)	AGREE	
424	URealValue.minus(value)	UREAL(-1.7976931348623157E308,0.0) | UREAL(1.0,1.0)	UREAL(-1.7976931348623157E308,1.0)	UREAL(-1.7976931348623157E308,1.0)	AGREE	
425	URealValue.minus(value)	UREAL(-1.7976931348623157E308,0.0) | UREAL(-1.0,0.0)	UREAL(-1.7976931348623157E308,0.0)	UREAL(-1.7976931348623157E308,0.0)	AGREE	
426	URealValue.minus(value)	UREAL(-1.7976931348623157E308,0.0) | UREAL(-1.0,1.0)	UREAL(-1.7976931348623157E308,1.0)	UREAL(-1.7976931348623157E308,1.0)	AGREE	
427	URealValue.minus(value)	UREAL(-1.7976931348623157E308,0.0) | UREAL(-1.0,0.5)	UREAL(-1.7976931348623157E308,0.5)	UREAL(-1.7976931348623157E308,0.5)	AGREE	
428	URealValue.minus(value)	UREAL(-1.7976931348623157E308,0.0) | UREAL(0.5,0.5)	UREAL(-1.7976931348623157E308,0.5)	UREAL(-1.7976931348623157E308,0.5)	AGREE	
429	URealValue.minus(value)	UREAL(-1.7976931348623157E308,0.0) | UREAL(-0.5,0.25)	UREAL(-1.7976931348623157E308,0.25)	UREAL(-1.7976931348623157E308,0.25)	AGREE	
430	URealValue.minus(value)	UREAL(-1.7976931348623157E308,0.0) | UREAL(2.0,0.0)	UREAL(-1.7976931348623157E308,0.0)	UREAL(-1.7976931348623157E308,0.0)	AGREE	
431	URealValue.minus(value)	UREAL(-1.7976931348623157E308,0.0) | UREAL(100.0,0.001)	UREAL(-1.7976931348623157E308,0.001)	UREAL(-1.7976931348623157E308,0.001)	AGREE	
432	URealValue.minus(value)	UREAL(-1.7976931348623157E308,0.0) | UREAL(-100.0,0.001)	UREAL(-1.7976931348623157E308,0.001)	UREAL(-1.7976931348623157E308,0.001)	AGREE	
433	URealValue.minus(value)	UREAL(-1.7976931348623157E308,0.0) | UREAL(4.9E-324,0.0)	UREAL(-1.7976931348623157E308,0.0)	UREAL(-1.7976931348623157E308,0.0)	AGREE	
434	URealValue.minus(value)	UREAL(-1.7976931348623157E308,0.0) | UREAL(1.7976931348623157E308,0.0)	UREAL(-Infinity,0.0)	UREAL(-Infinity,0.0)	AGREE	
435	URealValue.minus(value)	UREAL(-1.7976931348623157E308,0.0) | UREAL(-1.7976931348623157E308,0.0)	UREAL(0.0,0.0)	UREAL(0.0,0.0)	AGREE	
436	URealValue.minus(value)	UREAL(-1.7976931348623157E308,0.0) | UREAL(NaN,0.0)	UREAL(NaN,0.0)	UREAL(NaN,0.0)	AGREE	
437	URealValue.minus(value)	UREAL(-1.7976931348623157E308,0.0) | UREAL(Infinity,0.0)	UREAL(-Infinity,0.0)	UREAL(-Infinity,0.0)	AGREE	
438	URealValue.minus(value)	UREAL(-1.7976931348623157E308,0.0) | UREAL(-Infinity,0.0)	UREAL(Infinity,0.0)	UREAL(Infinity,0.0)	AGREE	
439	URealValue.minus(value)	UREAL(-1.7976931348623157E308,0.0) | UREAL(1.0,NaN)	UREAL(-1.7976931348623157E308,NaN)	UREAL(-1.7976931348623157E308,NaN)	AGREE	
440	URealValue.minus(value)	UREAL(-1.7976931348623157E308,0.0) | UREAL(1.0,Infinity)	UREAL(-1.7976931348623157E308,Infinity)	UREAL(-1.7976931348623157E308,Infinity)	AGREE	
441	URealValue.minus(value)	UREAL(-1.7976931348623157E308,0.0) | UREAL(1.0,-1.0)	UREAL(-1.7976931348623157E308,1.0)	UREAL(-1.7976931348623157E308,1.0)	AGREE	
442	URealValue.minus(value)	UREAL(-1.7976931348623157E308,0.0) | UREAL(-46.064505,0.782649)	UREAL(-1.7976931348623157E308,0.782649)	UREAL(-1.7976931348623157E308,0.782649)	AGREE	
443	URealValue.minus(value)	UREAL(-1.7976931348623157E308,0.0) | UREAL(28.230986,0.91554)	UREAL(-1.7976931348623157E308,0.91554)	UREAL(-1.7976931348623157E308,0.91554)	AGREE	
444	URealValue.minus(value)	UREAL(-1.7976931348623157E308,0.0) | UREAL(47.696811,0.395191)	UREAL(-1.7976931348623157E308,0.395191)	UREAL(-1.7976931348623157E308,0.395191)	AGREE	
445	URealValue.minus(value)	UREAL(-1.7976931348623157E308,0.0) | UREAL(-61.870069,0.428633)	UREAL(-1.7976931348623157E308,0.428633)	UREAL(-1.7976931348623157E308,0.428633)	AGREE	
446	URealValue.minus(value)	UREAL(-1.7976931348623157E308,0.0) | UREAL(-98.361875,0.358527)	UREAL(-1.7976931348623157E308,0.358527)	UREAL(-1.7976931348623157E308,0.358527)	AGREE	
447	URealValue.minus(value)	UREAL(-1.7976931348623157E308,0.0) | UREAL(37.640335,0.974834)	UREAL(-1.7976931348623157E308,0.974834)	UREAL(-1.7976931348623157E308,0.974834)	AGREE	
448	URealValue.minus(value)	UREAL(NaN,0.0) | UREAL(0.0,0.0)	UREAL(NaN,0.0)	UREAL(NaN,0.0)	AGREE	
449	URealValue.minus(value)	UREAL(NaN,0.0) | UREAL(0.0,1.0)	UREAL(NaN,1.0)	UREAL(NaN,1.0)	AGREE	
450	URealValue.minus(value)	UREAL(NaN,0.0) | UREAL(-0.0,0.0)	UREAL(NaN,0.0)	UREAL(NaN,0.0)	AGREE	
451	URealValue.minus(value)	UREAL(NaN,0.0) | UREAL(1.0,0.0)	UREAL(NaN,0.0)	UREAL(NaN,0.0)	AGREE	
452	URealValue.minus(value)	UREAL(NaN,0.0) | UREAL(1.0,1.0)	UREAL(NaN,1.0)	UREAL(NaN,1.0)	AGREE	
453	URealValue.minus(value)	UREAL(NaN,0.0) | UREAL(-1.0,0.0)	UREAL(NaN,0.0)	UREAL(NaN,0.0)	AGREE	
454	URealValue.minus(value)	UREAL(NaN,0.0) | UREAL(-1.0,1.0)	UREAL(NaN,1.0)	UREAL(NaN,1.0)	AGREE	
455	URealValue.minus(value)	UREAL(NaN,0.0) | UREAL(-1.0,0.5)	UREAL(NaN,0.5)	UREAL(NaN,0.5)	AGREE	
456	URealValue.minus(value)	UREAL(NaN,0.0) | UREAL(0.5,0.5)	UREAL(NaN,0.5)	UREAL(NaN,0.5)	AGREE	
457	URealValue.minus(value)	UREAL(NaN,0.0) | UREAL(-0.5,0.25)	UREAL(NaN,0.25)	UREAL(NaN,0.25)	AGREE	
458	URealValue.minus(value)	UREAL(NaN,0.0) | UREAL(2.0,0.0)	UREAL(NaN,0.0)	UREAL(NaN,0.0)	AGREE	
459	URealValue.minus(value)	UREAL(NaN,0.0) | UREAL(100.0,0.001)	UREAL(NaN,0.001)	UREAL(NaN,0.001)	AGREE	
460	URealValue.minus(value)	UREAL(NaN,0.0) | UREAL(-100.0,0.001)	UREAL(NaN,0.001)	UREAL(NaN,0.001)	AGREE	
461	URealValue.minus(value)	UREAL(NaN,0.0) | UREAL(4.9E-324,0.0)	UREAL(NaN,0.0)	UREAL(NaN,0.0)	AGREE	
462	URealValue.minus(value)	UREAL(NaN,0.0) | UREAL(1.7976931348623157E308,0.0)	UREAL(NaN,0.0)	UREAL(NaN,0.0)	AGREE	
463	URealValue.minus(value)	UREAL(NaN,0.0) | UREAL(-1.7976931348623157E308,0.0)	UREAL(NaN,0.0)	UREAL(NaN,0.0)	AGREE	
464	URealValue.minus(value)	UREAL(NaN,0.0) | UREAL(NaN,0.0)	UREAL(NaN,0.0)	UREAL(NaN,0.0)	AGREE	
465	URealValue.minus(value)	UREAL(NaN,0.0) | UREAL(Infinity,0.0)	UREAL(NaN,0.0)	UREAL(NaN,0.0)	AGREE	
466	URealValue.minus(value)	UREAL(NaN,0.0) | UREAL(-Infinity,0.0)	UREAL(NaN,0.0)	UREAL(NaN,0.0)	AGREE	
467	URealValue.minus(value)	UREAL(NaN,0.0) | UREAL(1.0,NaN)	UREAL(NaN,NaN)	UREAL(NaN,NaN)	AGREE	
468	URealValue.minus(value)	UREAL(NaN,0.0) | UREAL(1.0,Infinity)	UREAL(NaN,Infinity)	UREAL(NaN,Infinity)	AGREE	
469	URealValue.minus(value)	UREAL(NaN,0.0) | UREAL(1.0,-1.0)	UREAL(NaN,1.0)	UREAL(NaN,1.0)	AGREE	
470	URealValue.minus(value)	UREAL(NaN,0.0) | UREAL(-46.064505,0.782649)	UREAL(NaN,0.782649)	UREAL(NaN,0.782649)	AGREE	
471	URealValue.minus(value)	UREAL(NaN,0.0) | UREAL(28.230986,0.91554)	UREAL(NaN,0.91554)	UREAL(NaN,0.91554)	AGREE	
472	URealValue.minus(value)	UREAL(NaN,0.0) | UREAL(47.696811,0.395191)	UREAL(NaN,0.395191)	UREAL(NaN,0.395191)	AGREE	
473	URealValue.minus(value)	UREAL(NaN,0.0) | UREAL(-61.870069,0.428633)	UREAL(NaN,0.428633)	UREAL(NaN,0.428633)	AGREE	
474	URealValue.minus(value)	UREAL(NaN,0.0) | UREAL(-98.361875,0.358527)	UREAL(NaN,0.358527)	UREAL(NaN,0.358527)	AGREE	
475	URealValue.minus(value)	UREAL(NaN,0.0) | UREAL(37.640335,0.974834)	UREAL(NaN,0.974834)	UREAL(NaN,0.974834)	AGREE	
476	URealValue.minus(value)	UREAL(Infinity,0.0) | UREAL(0.0,0.0)	UREAL(Infinity,0.0)	UREAL(Infinity,0.0)	AGREE	
477	URealValue.minus(value)	UREAL(Infinity,0.0) | UREAL(0.0,1.0)	UREAL(Infinity,1.0)	UREAL(Infinity,1.0)	AGREE	
478	URealValue.minus(value)	UREAL(Infinity,0.0) | UREAL(-0.0,0.0)	UREAL(Infinity,0.0)	UREAL(Infinity,0.0)	AGREE	
479	URealValue.minus(value)	UREAL(Infinity,0.0) | UREAL(1.0,0.0)	UREAL(Infinity,0.0)	UREAL(Infinity,0.0)	AGREE	
480	URealValue.minus(value)	UREAL(Infinity,0.0) | UREAL(1.0,1.0)	UREAL(Infinity,1.0)	UREAL(Infinity,1.0)	AGREE	
481	URealValue.minus(value)	UREAL(Infinity,0.0) | UREAL(-1.0,0.0)	UREAL(Infinity,0.0)	UREAL(Infinity,0.0)	AGREE	
482	URealValue.minus(value)	UREAL(Infinity,0.0) | UREAL(-1.0,1.0)	UREAL(Infinity,1.0)	UREAL(Infinity,1.0)	AGREE	
483	URealValue.minus(value)	UREAL(Infinity,0.0) | UREAL(-1.0,0.5)	UREAL(Infinity,0.5)	UREAL(Infinity,0.5)	AGREE	
484	URealValue.minus(value)	UREAL(Infinity,0.0) | UREAL(0.5,0.5)	UREAL(Infinity,0.5)	UREAL(Infinity,0.5)	AGREE	
485	URealValue.minus(value)	UREAL(Infinity,0.0) | UREAL(-0.5,0.25)	UREAL(Infinity,0.25)	UREAL(Infinity,0.25)	AGREE	
486	URealValue.minus(value)	UREAL(Infinity,0.0) | UREAL(2.0,0.0)	UREAL(Infinity,0.0)	UREAL(Infinity,0.0)	AGREE	
487	URealValue.minus(value)	UREAL(Infinity,0.0) | UREAL(100.0,0.001)	UREAL(Infinity,0.001)	UREAL(Infinity,0.001)	AGREE	
488	URealValue.minus(value)	UREAL(Infinity,0.0) | UREAL(-100.0,0.001)	UREAL(Infinity,0.001)	UREAL(Infinity,0.001)	AGREE	
489	URealValue.minus(value)	UREAL(Infinity,0.0) | UREAL(4.9E-324,0.0)	UREAL(Infinity,0.0)	UREAL(Infinity,0.0)	AGREE	
490	URealValue.minus(value)	UREAL(Infinity,0.0) | UREAL(1.7976931348623157E308,0.0)	UREAL(Infinity,0.0)	UREAL(Infinity,0.0)	AGREE	
491	URealValue.minus(value)	UREAL(Infinity,0.0) | UREAL(-1.7976931348623157E308,0.0)	UREAL(Infinity,0.0)	UREAL(Infinity,0.0)	AGREE	
492	URealValue.minus(value)	UREAL(Infinity,0.0) | UREAL(NaN,0.0)	UREAL(NaN,0.0)	UREAL(NaN,0.0)	AGREE	
493	URealValue.minus(value)	UREAL(Infinity,0.0) | UREAL(Infinity,0.0)	UREAL(NaN,0.0)	UREAL(NaN,0.0)	AGREE	
494	URealValue.minus(value)	UREAL(Infinity,0.0) | UREAL(-Infinity,0.0)	UREAL(Infinity,0.0)	UREAL(Infinity,0.0)	AGREE	
495	URealValue.minus(value)	UREAL(Infinity,0.0) | UREAL(1.0,NaN)	UREAL(Infinity,NaN)	UREAL(Infinity,NaN)	AGREE	
496	URealValue.minus(value)	UREAL(Infinity,0.0) | UREAL(1.0,Infinity)	UREAL(Infinity,Infinity)	UREAL(Infinity,Infinity)	AGREE	
497	URealValue.minus(value)	UREAL(Infinity,0.0) | UREAL(1.0,-1.0)	UREAL(Infinity,1.0)	UREAL(Infinity,1.0)	AGREE	
498	URealValue.minus(value)	UREAL(Infinity,0.0) | UREAL(-46.064505,0.782649)	UREAL(Infinity,0.782649)	UREAL(Infinity,0.782649)	AGREE	
499	URealValue.minus(value)	UREAL(Infinity,0.0) | UREAL(28.230986,0.91554)	UREAL(Infinity,0.91554)	UREAL(Infinity,0.91554)	AGREE	
500	URealValue.minus(value)	UREAL(Infinity,0.0) | UREAL(47.696811,0.395191)	UREAL(Infinity,0.395191)	UREAL(Infinity,0.395191)	AGREE	
501	URealValue.minus(value)	UREAL(Infinity,0.0) | UREAL(-61.870069,0.428633)	UREAL(Infinity,0.428633)	UREAL(Infinity,0.428633)	AGREE	
502	URealValue.minus(value)	UREAL(Infinity,0.0) | UREAL(-98.361875,0.358527)	UREAL(Infinity,0.358527)	UREAL(Infinity,0.358527)	AGREE	
503	URealValue.minus(value)	UREAL(Infinity,0.0) | UREAL(37.640335,0.974834)	UREAL(Infinity,0.974834)	UREAL(Infinity,0.974834)	AGREE	
504	URealValue.minus(value)	UREAL(-Infinity,0.0) | UREAL(0.0,0.0)	UREAL(-Infinity,0.0)	UREAL(-Infinity,0.0)	AGREE	
505	URealValue.minus(value)	UREAL(-Infinity,0.0) | UREAL(0.0,1.0)	UREAL(-Infinity,1.0)	UREAL(-Infinity,1.0)	AGREE	
506	URealValue.minus(value)	UREAL(-Infinity,0.0) | UREAL(-0.0,0.0)	UREAL(-Infinity,0.0)	UREAL(-Infinity,0.0)	AGREE	
507	URealValue.minus(value)	UREAL(-Infinity,0.0) | UREAL(1.0,0.0)	UREAL(-Infinity,0.0)	UREAL(-Infinity,0.0)	AGREE	
508	URealValue.minus(value)	UREAL(-Infinity,0.0) | UREAL(1.0,1.0)	UREAL(-Infinity,1.0)	UREAL(-Infinity,1.0)	AGREE	
509	URealValue.minus(value)	UREAL(-Infinity,0.0) | UREAL(-1.0,0.0)	UREAL(-Infinity,0.0)	UREAL(-Infinity,0.0)	AGREE	
510	URealValue.minus(value)	UREAL(-Infinity,0.0) | UREAL(-1.0,1.0)	UREAL(-Infinity,1.0)	UREAL(-Infinity,1.0)	AGREE	
511	URealValue.minus(value)	UREAL(-Infinity,0.0) | UREAL(-1.0,0.5)	UREAL(-Infinity,0.5)	UREAL(-Infinity,0.5)	AGREE	
512	URealValue.minus(value)	UREAL(-Infinity,0.0) | UREAL(0.5,0.5)	UREAL(-Infinity,0.5)	UREAL(-Infinity,0.5)	AGREE	
513	URealValue.minus(value)	UREAL(-Infinity,0.0) | UREAL(-0.5,0.25)	UREAL(-Infinity,0.25)	UREAL(-Infinity,0.25)	AGREE	
514	URealValue.minus(value)	UREAL(-Infinity,0.0) | UREAL(2.0,0.0)	UREAL(-Infinity,0.0)	UREAL(-Infinity,0.0)	AGREE	
515	URealValue.minus(value)	UREAL(-Infinity,0.0) | UREAL(100.0,0.001)	UREAL(-Infinity,0.001)	UREAL(-Infinity,0.001)	AGREE	
516	URealValue.minus(value)	UREAL(-Infinity,0.0) | UREAL(-100.0,0.001)	UREAL(-Infinity,0.001)	UREAL(-Infinity,0.001)	AGREE	
517	URealValue.minus(value)	UREAL(-Infinity,0.0) | UREAL(4.9E-324,0.0)	UREAL(-Infinity,0.0)	UREAL(-Infinity,0.0)	AGREE	
518	URealValue.minus(value)	UREAL(-Infinity,0.0) | UREAL(1.7976931348623157E308,0.0)	UREAL(-Infinity,0.0)	UREAL(-Infinity,0.0)	AGREE	
519	URealValue.minus(value)	UREAL(-Infinity,0.0) | UREAL(-1.7976931348623157E308,0.0)	UREAL(-Infinity,0.0)	UREAL(-Infinity,0.0)	AGREE	
520	URealValue.minus(value)	UREAL(-Infinity,0.0) | UREAL(NaN,0.0)	UREAL(NaN,0.0)	UREAL(NaN,0.0)	AGREE	
521	URealValue.minus(value)	UREAL(-Infinity,0.0) | UREAL(Infinity,0.0)	UREAL(-Infinity,0.0)	UREAL(-Infinity,0.0)	AGREE	
522	URealValue.minus(value)	UREAL(-Infinity,0.0) | UREAL(-Infinity,0.0)	UREAL(NaN,0.0)	UREAL(NaN,0.0)	AGREE	
523	URealValue.minus(value)	UREAL(-Infinity,0.0) | UREAL(1.0,NaN)	UREAL(-Infinity,NaN)	UREAL(-Infinity,NaN)	AGREE	
524	URealValue.minus(value)	UREAL(-Infinity,0.0) | UREAL(1.0,Infinity)	UREAL(-Infinity,Infinity)	UREAL(-Infinity,Infinity)	AGREE	
525	URealValue.minus(value)	UREAL(-Infinity,0.0) | UREAL(1.0,-1.0)	UREAL(-Infinity,1.0)	UREAL(-Infinity,1.0)	AGREE	
526	URealValue.minus(value)	UREAL(-Infinity,0.0) | UREAL(-46.064505,0.782649)	UREAL(-Infinity,0.782649)	UREAL(-Infinity,0.782649)	AGREE	
527	URealValue.minus(value)	UREAL(-Infinity,0.0) | UREAL(28.230986,0.91554)	UREAL(-Infinity,0.91554)	UREAL(-Infinity,0.91554)	AGREE	
528	URealValue.minus(value)	UREAL(-Infinity,0.0) | UREAL(47.696811,0.395191)	UREAL(-Infinity,0.395191)	UREAL(-Infinity,0.395191)	AGREE	
529	URealValue.minus(value)	UREAL(-Infinity,0.0) | UREAL(-61.870069,0.428633)	UREAL(-Infinity,0.428633)	UREAL(-Infinity,0.428633)	AGREE	
530	URealValue.minus(value)	UREAL(-Infinity,0.0) | UREAL(-98.361875,0.358527)	UREAL(-Infinity,0.358527)	UREAL(-Infinity,0.358527)	AGREE	
531	URealValue.minus(value)	UREAL(-Infinity,0.0) | UREAL(37.640335,0.974834)	UREAL(-Infinity,0.974834)	UREAL(-Infinity,0.974834)	AGREE	
532	URealValue.minus(value)	UREAL(1.0,NaN) | UREAL(0.0,0.0)	UREAL(1.0,NaN)	UREAL(1.0,NaN)	AGREE	
533	URealValue.minus(value)	UREAL(1.0,NaN) | UREAL(0.0,1.0)	UREAL(1.0,NaN)	UREAL(1.0,NaN)	AGREE	
534	URealValue.minus(value)	UREAL(1.0,NaN) | UREAL(-0.0,0.0)	UREAL(1.0,NaN)	UREAL(1.0,NaN)	AGREE	
535	URealValue.minus(value)	UREAL(1.0,NaN) | UREAL(1.0,0.0)	UREAL(0.0,NaN)	UREAL(0.0,NaN)	AGREE	
536	URealValue.minus(value)	UREAL(1.0,NaN) | UREAL(1.0,1.0)	UREAL(0.0,NaN)	UREAL(0.0,NaN)	AGREE	
537	URealValue.minus(value)	UREAL(1.0,NaN) | UREAL(-1.0,0.0)	UREAL(2.0,NaN)	UREAL(2.0,NaN)	AGREE	
538	URealValue.minus(value)	UREAL(1.0,NaN) | UREAL(-1.0,1.0)	UREAL(2.0,NaN)	UREAL(2.0,NaN)	AGREE	
539	URealValue.minus(value)	UREAL(1.0,NaN) | UREAL(-1.0,0.5)	UREAL(2.0,NaN)	UREAL(2.0,NaN)	AGREE	
540	URealValue.minus(value)	UREAL(1.0,NaN) | UREAL(0.5,0.5)	UREAL(0.5,NaN)	UREAL(0.5,NaN)	AGREE	
541	URealValue.minus(value)	UREAL(1.0,NaN) | UREAL(-0.5,0.25)	UREAL(1.5,NaN)	UREAL(1.5,NaN)	AGREE	
542	URealValue.minus(value)	UREAL(1.0,NaN) | UREAL(2.0,0.0)	UREAL(-1.0,NaN)	UREAL(-1.0,NaN)	AGREE	
543	URealValue.minus(value)	UREAL(1.0,NaN) | UREAL(100.0,0.001)	UREAL(-99.0,NaN)	UREAL(-99.0,NaN)	AGREE	
544	URealValue.minus(value)	UREAL(1.0,NaN) | UREAL(-100.0,0.001)	UREAL(101.0,NaN)	UREAL(101.0,NaN)	AGREE	
545	URealValue.minus(value)	UREAL(1.0,NaN) | UREAL(4.9E-324,0.0)	UREAL(1.0,NaN)	UREAL(1.0,NaN)	AGREE	
546	URealValue.minus(value)	UREAL(1.0,NaN) | UREAL(1.7976931348623157E308,0.0)	UREAL(-1.7976931348623157E308,NaN)	UREAL(-1.7976931348623157E308,NaN)	AGREE	
547	URealValue.minus(value)	UREAL(1.0,NaN) | UREAL(-1.7976931348623157E308,0.0)	UREAL(1.7976931348623157E308,NaN)	UREAL(1.7976931348623157E308,NaN)	AGREE	
548	URealValue.minus(value)	UREAL(1.0,NaN) | UREAL(NaN,0.0)	UREAL(NaN,NaN)	UREAL(NaN,NaN)	AGREE	
549	URealValue.minus(value)	UREAL(1.0,NaN) | UREAL(Infinity,0.0)	UREAL(-Infinity,NaN)	UREAL(-Infinity,NaN)	AGREE	
550	URealValue.minus(value)	UREAL(1.0,NaN) | UREAL(-Infinity,0.0)	UREAL(Infinity,NaN)	UREAL(Infinity,NaN)	AGREE	
551	URealValue.minus(value)	UREAL(1.0,NaN) | UREAL(1.0,NaN)	UREAL(0.0,NaN)	UREAL(0.0,NaN)	AGREE	
552	URealValue.minus(value)	UREAL(1.0,NaN) | UREAL(1.0,Infinity)	UREAL(0.0,NaN)	UREAL(0.0,NaN)	AGREE	
553	URealValue.minus(value)	UREAL(1.0,NaN) | UREAL(1.0,-1.0)	UREAL(0.0,NaN)	UREAL(0.0,NaN)	AGREE	
554	URealValue.minus(value)	UREAL(1.0,NaN) | UREAL(-46.064505,0.782649)	UREAL(47.064505,NaN)	UREAL(47.064505,NaN)	AGREE	
555	URealValue.minus(value)	UREAL(1.0,NaN) | UREAL(28.230986,0.91554)	UREAL(-27.230986,NaN)	UREAL(-27.230986,NaN)	AGREE	
556	URealValue.minus(value)	UREAL(1.0,NaN) | UREAL(47.696811,0.395191)	UREAL(-46.696811,NaN)	UREAL(-46.696811,NaN)	AGREE	
557	URealValue.minus(value)	UREAL(1.0,NaN) | UREAL(-61.870069,0.428633)	UREAL(62.870069,NaN)	UREAL(62.870069,NaN)	AGREE	
558	URealValue.minus(value)	UREAL(1.0,NaN) | UREAL(-98.361875,0.358527)	UREAL(99.361875,NaN)	UREAL(99.361875,NaN)	AGREE	
559	URealValue.minus(value)	UREAL(1.0,NaN) | UREAL(37.640335,0.974834)	UREAL(-36.640335,NaN)	UREAL(-36.640335,NaN)	AGREE	
560	URealValue.minus(value)	UREAL(1.0,Infinity) | UREAL(0.0,0.0)	UREAL(1.0,Infinity)	UREAL(1.0,Infinity)	AGREE	
561	URealValue.minus(value)	UREAL(1.0,Infinity) | UREAL(0.0,1.0)	UREAL(1.0,Infinity)	UREAL(1.0,Infinity)	AGREE	
562	URealValue.minus(value)	UREAL(1.0,Infinity) | UREAL(-0.0,0.0)	UREAL(1.0,Infinity)	UREAL(1.0,Infinity)	AGREE	
563	URealValue.minus(value)	UREAL(1.0,Infinity) | UREAL(1.0,0.0)	UREAL(0.0,Infinity)	UREAL(0.0,Infinity)	AGREE	
564	URealValue.minus(value)	UREAL(1.0,Infinity) | UREAL(1.0,1.0)	UREAL(0.0,Infinity)	UREAL(0.0,Infinity)	AGREE	
565	URealValue.minus(value)	UREAL(1.0,Infinity) | UREAL(-1.0,0.0)	UREAL(2.0,Infinity)	UREAL(2.0,Infinity)	AGREE	
566	URealValue.minus(value)	UREAL(1.0,Infinity) | UREAL(-1.0,1.0)	UREAL(2.0,Infinity)	UREAL(2.0,Infinity)	AGREE	
567	URealValue.minus(value)	UREAL(1.0,Infinity) | UREAL(-1.0,0.5)	UREAL(2.0,Infinity)	UREAL(2.0,Infinity)	AGREE	
568	URealValue.minus(value)	UREAL(1.0,Infinity) | UREAL(0.5,0.5)	UREAL(0.5,Infinity)	UREAL(0.5,Infinity)	AGREE	
569	URealValue.minus(value)	UREAL(1.0,Infinity) | UREAL(-0.5,0.25)	UREAL(1.5,Infinity)	UREAL(1.5,Infinity)	AGREE	
570	URealValue.minus(value)	UREAL(1.0,Infinity) | UREAL(2.0,0.0)	UREAL(-1.0,Infinity)	UREAL(-1.0,Infinity)	AGREE	
571	URealValue.minus(value)	UREAL(1.0,Infinity) | UREAL(100.0,0.001)	UREAL(-99.0,Infinity)	UREAL(-99.0,Infinity)	AGREE	
572	URealValue.minus(value)	UREAL(1.0,Infinity) | UREAL(-100.0,0.001)	UREAL(101.0,Infinity)	UREAL(101.0,Infinity)	AGREE	
573	URealValue.minus(value)	UREAL(1.0,Infinity) | UREAL(4.9E-324,0.0)	UREAL(1.0,Infinity)	UREAL(1.0,Infinity)	AGREE	
574	URealValue.minus(value)	UREAL(1.0,Infinity) | UREAL(1.7976931348623157E308,0.0)	UREAL(-1.7976931348623157E308,Infinity)	UREAL(-1.7976931348623157E308,Infinity)	AGREE	
575	URealValue.minus(value)	UREAL(1.0,Infinity) | UREAL(-1.7976931348623157E308,0.0)	UREAL(1.7976931348623157E308,Infinity)	UREAL(1.7976931348623157E308,Infinity)	AGREE	
576	URealValue.minus(value)	UREAL(1.0,Infinity) | UREAL(NaN,0.0)	UREAL(NaN,Infinity)	UREAL(NaN,Infinity)	AGREE	
577	URealValue.minus(value)	UREAL(1.0,Infinity) | UREAL(Infinity,0.0)	UREAL(-Infinity,Infinity)	UREAL(-Infinity,Infinity)	AGREE	
578	URealValue.minus(value)	UREAL(1.0,Infinity) | UREAL(-Infinity,0.0)	UREAL(Infinity,Infinity)	UREAL(Infinity,Infinity)	AGREE	
579	URealValue.minus(value)	UREAL(1.0,Infinity) | UREAL(1.0,NaN)	UREAL(0.0,NaN)	UREAL(0.0,NaN)	AGREE	
580	URealValue.minus(value)	UREAL(1.0,Infinity) | UREAL(1.0,Infinity)	UREAL(0.0,Infinity)	UREAL(0.0,NaN)	DIFFER	
581	URealValue.minus(value)	UREAL(1.0,Infinity) | UREAL(1.0,-1.0)	UREAL(0.0,Infinity)	UREAL(0.0,Infinity)	AGREE	
582	URealValue.minus(value)	UREAL(1.0,Infinity) | UREAL(-46.064505,0.782649)	UREAL(47.064505,Infinity)	UREAL(47.064505,Infinity)	AGREE	
583	URealValue.minus(value)	UREAL(1.0,Infinity) | UREAL(28.230986,0.91554)	UREAL(-27.230986,Infinity)	UREAL(-27.230986,Infinity)	AGREE	
584	URealValue.minus(value)	UREAL(1.0,Infinity) | UREAL(47.696811,0.395191)	UREAL(-46.696811,Infinity)	UREAL(-46.696811,Infinity)	AGREE	
585	URealValue.minus(value)	UREAL(1.0,Infinity) | UREAL(-61.870069,0.428633)	UREAL(62.870069,Infinity)	UREAL(62.870069,Infinity)	AGREE	
586	URealValue.minus(value)	UREAL(1.0,Infinity) | UREAL(-98.361875,0.358527)	UREAL(99.361875,Infinity)	UREAL(99.361875,Infinity)	AGREE	
587	URealValue.minus(value)	UREAL(1.0,Infinity) | UREAL(37.640335,0.974834)	UREAL(-36.640335,Infinity)	UREAL(-36.640335,Infinity)	AGREE	
588	URealValue.minus(value)	UREAL(1.0,-1.0) | UREAL(0.0,0.0)	UREAL(1.0,1.0)	UREAL(1.0,1.0)	AGREE	
589	URealValue.minus(value)	UREAL(1.0,-1.0) | UREAL(0.0,1.0)	UREAL(1.0,1.4142135623730951)	UREAL(1.0,2.0)	DIFFER	
590	URealValue.minus(value)	UREAL(1.0,-1.0) | UREAL(-0.0,0.0)	UREAL(1.0,1.0)	UREAL(1.0,1.0)	AGREE	
591	URealValue.minus(value)	UREAL(1.0,-1.0) | UREAL(1.0,0.0)	UREAL(0.0,1.0)	UREAL(0.0,1.0)	AGREE	
592	URealValue.minus(value)	UREAL(1.0,-1.0) | UREAL(1.0,1.0)	UREAL(0.0,1.4142135623730951)	UREAL(0.0,2.0)	DIFFER	
593	URealValue.minus(value)	UREAL(1.0,-1.0) | UREAL(-1.0,0.0)	UREAL(2.0,1.0)	UREAL(2.0,1.0)	AGREE	
594	URealValue.minus(value)	UREAL(1.0,-1.0) | UREAL(-1.0,1.0)	UREAL(2.0,1.4142135623730951)	UREAL(2.0,2.0)	DIFFER	
595	URealValue.minus(value)	UREAL(1.0,-1.0) | UREAL(-1.0,0.5)	UREAL(2.0,1.118033988749895)	UREAL(2.0,1.5)	DIFFER	
596	URealValue.minus(value)	UREAL(1.0,-1.0) | UREAL(0.5,0.5)	UREAL(0.5,1.118033988749895)	UREAL(0.5,1.5)	DIFFER	
597	URealValue.minus(value)	UREAL(1.0,-1.0) | UREAL(-0.5,0.25)	UREAL(1.5,1.0307764064044151)	UREAL(1.5,1.25)	DIFFER	
598	URealValue.minus(value)	UREAL(1.0,-1.0) | UREAL(2.0,0.0)	UREAL(-1.0,1.0)	UREAL(-1.0,1.0)	AGREE	
599	URealValue.minus(value)	UREAL(1.0,-1.0) | UREAL(100.0,0.001)	UREAL(-99.0,1.000000499999875)	UREAL(-99.0,1.001)	DIFFER	
600	URealValue.minus(value)	UREAL(1.0,-1.0) | UREAL(-100.0,0.001)	UREAL(101.0,1.000000499999875)	UREAL(101.0,1.001)	DIFFER	
601	URealValue.minus(value)	UREAL(1.0,-1.0) | UREAL(4.9E-324,0.0)	UREAL(1.0,1.0)	UREAL(1.0,1.0)	AGREE	
602	URealValue.minus(value)	UREAL(1.0,-1.0) | UREAL(1.7976931348623157E308,0.0)	UREAL(-1.7976931348623157E308,1.0)	UREAL(-1.7976931348623157E308,1.0)	AGREE	
603	URealValue.minus(value)	UREAL(1.0,-1.0) | UREAL(-1.7976931348623157E308,0.0)	UREAL(1.7976931348623157E308,1.0)	UREAL(1.7976931348623157E308,1.0)	AGREE	
604	URealValue.minus(value)	UREAL(1.0,-1.0) | UREAL(NaN,0.0)	UREAL(NaN,1.0)	UREAL(NaN,1.0)	AGREE	
605	URealValue.minus(value)	UREAL(1.0,-1.0) | UREAL(Infinity,0.0)	UREAL(-Infinity,1.0)	UREAL(-Infinity,1.0)	AGREE	
606	URealValue.minus(value)	UREAL(1.0,-1.0) | UREAL(-Infinity,0.0)	UREAL(Infinity,1.0)	UREAL(Infinity,1.0)	AGREE	
607	URealValue.minus(value)	UREAL(1.0,-1.0) | UREAL(1.0,NaN)	UREAL(0.0,NaN)	UREAL(0.0,NaN)	AGREE	
608	URealValue.minus(value)	UREAL(1.0,-1.0) | UREAL(1.0,Infinity)	UREAL(0.0,Infinity)	UREAL(0.0,Infinity)	AGREE	
609	URealValue.minus(value)	UREAL(1.0,-1.0) | UREAL(1.0,-1.0)	UREAL(0.0,1.4142135623730951)	UREAL(0.0,0.0)	DIFFER	
610	URealValue.minus(value)	UREAL(1.0,-1.0) | UREAL(-46.064505,0.782649)	UREAL(47.064505,1.269858046082711)	UREAL(47.064505,1.7826490000000002)	DIFFER	
611	URealValue.minus(value)	UREAL(1.0,-1.0) | UREAL(28.230986,0.91554)	UREAL(-27.230986,1.355807320971531)	UREAL(-27.230986,1.91554)	DIFFER	
612	URealValue.minus(value)	UREAL(1.0,-1.0) | UREAL(47.696811,0.395191)	UREAL(-46.696811,1.0752562143419586)	UREAL(-46.696811,1.395191)	DIFFER	
613	URealValue.minus(value)	UREAL(1.0,-1.0) | UREAL(-61.870069,0.428633)	UREAL(62.870069,1.0879918421978172)	UREAL(62.870069,1.428633)	DIFFER	
614	URealValue.minus(value)	UREAL(1.0,-1.0) | UREAL(-98.361875,0.358527)	UREAL(99.361875,1.0623283907196492)	UREAL(99.361875,1.358527)	DIFFER	
615	URealValue.minus(value)	UREAL(1.0,-1.0) | UREAL(37.640335,0.974834)	UREAL(-36.640335,1.3965318927815433)	UREAL(-36.640335,1.974834)	DIFFER	
616	URealValue.minus(value)	UREAL(-46.064505,0.782649) | UREAL(0.0,0.0)	UREAL(-46.064505,0.782649)	UREAL(-46.064505,0.782649)	AGREE	
617	URealValue.minus(value)	UREAL(-46.064505,0.782649) | UREAL(0.0,1.0)	UREAL(-46.064505,1.269858046082711)	UREAL(-46.064505,0.21735099999999996)	DIFFER	
618	URealValue.minus(value)	UREAL(-46.064505,0.782649) | UREAL(-0.0,0.0)	UREAL(-46.064505,0.782649)	UREAL(-46.064505,0.782649)	AGREE	
619	URealValue.minus(value)	UREAL(-46.064505,0.782649) | UREAL(1.0,0.0)	UREAL(-47.064505,0.782649)	UREAL(-47.064505,0.782649)	AGREE	
620	URealValue.minus(value)	UREAL(-46.064505,0.782649) | UREAL(1.0,1.0)	UREAL(-47.064505,1.269858046082711)	UREAL(-47.064505,0.21735099999999996)	DIFFER	
621	URealValue.minus(value)	UREAL(-46.064505,0.782649) | UREAL(-1.0,0.0)	UREAL(-45.064505,0.782649)	UREAL(-45.064505,0.782649)	AGREE	
622	URealValue.minus(value)	UREAL(-46.064505,0.782649) | UREAL(-1.0,1.0)	UREAL(-45.064505,1.269858046082711)	UREAL(-45.064505,0.21735099999999996)	DIFFER	
623	URealValue.minus(value)	UREAL(-46.064505,0.782649) | UREAL(-1.0,0.5)	UREAL(-45.064505,0.9287300238503114)	UREAL(-45.064505,0.28264900000000004)	DIFFER	
624	URealValue.minus(value)	UREAL(-46.064505,0.782649) | UREAL(0.5,0.5)	UREAL(-46.564505,0.9287300238503114)	UREAL(-46.564505,0.28264900000000004)	DIFFER	
625	URealValue.minus(value)	UREAL(-46.064505,0.782649) | UREAL(-0.5,0.25)	UREAL(-45.564505,0.8216078487946669)	UREAL(-45.564505,0.532649)	DIFFER	
626	URealValue.minus(value)	UREAL(-46.064505,0.782649) | UREAL(2.0,0.0)	UREAL(-48.064505,0.782649)	UREAL(-48.064505,0.782649)	AGREE	
627	URealValue.minus(value)	UREAL(-46.064505,0.782649) | UREAL(100.0,0.001)	UREAL(-146.064505,0.7826496388557271)	UREAL(-146.064505,0.781649)	DIFFER	
628	URealValue.minus(value)	UREAL(-46.064505,0.782649) | UREAL(-100.0,0.001)	UREAL(53.935495,0.7826496388557271)	UREAL(53.935495,0.781649)	DIFFER	
629	URealValue.minus(value)	UREAL(-46.064505,0.782649) | UREAL(4.9E-324,0.0)	UREAL(-46.064505,0.782649)	UREAL(-46.064505,0.782649)	AGREE	
630	URealValue.minus(value)	UREAL(-46.064505,0.782649) | UREAL(1.7976931348623157E308,0.0)	UREAL(-1.7976931348623157E308,0.782649)	UREAL(-1.7976931348623157E308,0.782649)	AGREE	
631	URealValue.minus(value)	UREAL(-46.064505,0.782649) | UREAL(-1.7976931348623157E308,0.0)	UREAL(1.7976931348623157E308,0.782649)	UREAL(1.7976931348623157E308,0.782649)	AGREE	
632	URealValue.minus(value)	UREAL(-46.064505,0.782649) | UREAL(NaN,0.0)	UREAL(NaN,0.782649)	UREAL(NaN,0.782649)	AGREE	
633	URealValue.minus(value)	UREAL(-46.064505,0.782649) | UREAL(Infinity,0.0)	UREAL(-Infinity,0.782649)	UREAL(-Infinity,0.782649)	AGREE	
634	URealValue.minus(value)	UREAL(-46.064505,0.782649) | UREAL(-Infinity,0.0)	UREAL(Infinity,0.782649)	UREAL(Infinity,0.782649)	AGREE	
635	URealValue.minus(value)	UREAL(-46.064505,0.782649) | UREAL(1.0,NaN)	UREAL(-47.064505,NaN)	UREAL(-47.064505,NaN)	AGREE	
636	URealValue.minus(value)	UREAL(-46.064505,0.782649) | UREAL(1.0,Infinity)	UREAL(-47.064505,Infinity)	UREAL(-47.064505,Infinity)	AGREE	
637	URealValue.minus(value)	UREAL(-46.064505,0.782649) | UREAL(1.0,-1.0)	UREAL(-47.064505,1.269858046082711)	UREAL(-47.064505,1.7826490000000002)	DIFFER	
638	URealValue.minus(value)	UREAL(-46.064505,0.782649) | UREAL(-46.064505,0.782649)	UREAL(0.0,1.1068328303777406)	UREAL(0.0,0.0)	DIFFER	
639	URealValue.minus(value)	UREAL(-46.064505,0.782649) | UREAL(28.230986,0.91554)	UREAL(-74.295491,1.2044720622750036)	UREAL(-74.295491,0.13289099999999998)	DIFFER	
640	URealValue.minus(value)	UREAL(-46.064505,0.782649) | UREAL(47.696811,0.395191)	UREAL(-93.761316,0.8767641551078603)	UREAL(-93.761316,0.387458)	DIFFER	
641	URealValue.minus(value)	UREAL(-46.064505,0.782649) | UREAL(-61.870069,0.428633)	UREAL(15.805564000000004,0.8923372153451856)	UREAL(15.805564000000004,0.35401600000000005)	DIFFER	
642	URealValue.minus(value)	UREAL(-46.064505,0.782649) | UREAL(-98.361875,0.358527)	UREAL(52.29737,0.8608606547694)	UREAL(52.29737,0.42412200000000005)	DIFFER	
643	URealValue.minus(value)	UREAL(-46.064505,0.782649) | UREAL(37.640335,0.974834)	UREAL(-83.70483999999999,1.2501363064710185)	UREAL(-83.70483999999999,0.19218499999999994)	DIFFER	
644	URealValue.minus(value)	UREAL(28.230986,0.91554) | UREAL(0.0,0.0)	UREAL(28.230986,0.91554)	UREAL(28.230986,0.91554)	AGREE	
645	URealValue.minus(value)	UREAL(28.230986,0.91554) | UREAL(0.0,1.0)	UREAL(28.230986,1.355807320971531)	UREAL(28.230986,0.08445999999999998)	DIFFER	
646	URealValue.minus(value)	UREAL(28.230986,0.91554) | UREAL(-0.0,0.0)	UREAL(28.230986,0.91554)	UREAL(28.230986,0.91554)	AGREE	
647	URealValue.minus(value)	UREAL(28.230986,0.91554) | UREAL(1.0,0.0)	UREAL(27.230986,0.91554)	UREAL(27.230986,0.91554)	AGREE	
648	URealValue.minus(value)	UREAL(28.230986,0.91554) | UREAL(1.0,1.0)	UREAL(27.230986,1.355807320971531)	UREAL(27.230986,0.08445999999999998)	DIFFER	
649	URealValue.minus(value)	UREAL(28.230986,0.91554) | UREAL(-1.0,0.0)	UREAL(29.230986,0.91554)	UREAL(29.230986,0.91554)	AGREE	
650	URealValue.minus(value)	UREAL(28.230986,0.91554) | UREAL(-1.0,1.0)	UREAL(29.230986,1.355807320971531)	UREAL(29.230986,0.08445999999999998)	DIFFER	
651	URealValue.minus(value)	UREAL(28.230986,0.91554) | UREAL(-1.0,0.5)	UREAL(29.230986,1.0431747176767658)	UREAL(29.230986,0.41554)	DIFFER	
652	URealValue.minus(value)	UREAL(28.230986,0.91554) | UREAL(0.5,0.5)	UREAL(27.730986,1.0431747176767658)	UREAL(27.730986,0.41554)	DIFFER	
653	URealValue.minus(value)	UREAL(28.230986,0.91554) | UREAL(-0.5,0.25)	UREAL(28.730986,0.9490592666425001)	UREAL(28.730986,0.66554)	DIFFER	
654	URealValue.minus(value)	UREAL(28.230986,0.91554) | UREAL(2.0,0.0)	UREAL(26.230986,0.91554)	UREAL(26.230986,0.91554)	AGREE	
655	URealValue.minus(value)	UREAL(28.230986,0.91554) | UREAL(100.0,0.001)	UREAL(-71.769014,0.9155405461256209)	UREAL(-71.769014,0.91454)	DIFFER	
656	URealValue.minus(value)	UREAL(28.230986,0.91554) | UREAL(-100.0,0.001)	UREAL(128.230986,0.9155405461256209)	UREAL(128.230986,0.91454)	DIFFER	
657	URealValue.minus(value)	UREAL(28.230986,0.91554) | UREAL(4.9E-324,0.0)	UREAL(28.230986,0.91554)	UREAL(28.230986,0.91554)	AGREE	
658	URealValue.minus(value)	UREAL(28.230986,0.91554) | UREAL(1.7976931348623157E308,0.0)	UREAL(-1.7976931348623157E308,0.91554)	UREAL(-1.7976931348623157E308,0.91554)	AGREE	
659	URealValue.minus(value)	UREAL(28.230986,0.91554) | UREAL(-1.7976931348623157E308,0.0)	UREAL(1.7976931348623157E308,0.91554)	UREAL(1.7976931348623157E308,0.91554)	AGREE	
660	URealValue.minus(value)	UREAL(28.230986,0.91554) | UREAL(NaN,0.0)	UREAL(NaN,0.91554)	UREAL(NaN,0.91554)	AGREE	
661	URealValue.minus(value)	UREAL(28.230986,0.91554) | UREAL(Infinity,0.0)	UREAL(-Infinity,0.91554)	UREAL(-Infinity,0.91554)	AGREE	
662	URealValue.minus(value)	UREAL(28.230986,0.91554) | UREAL(-Infinity,0.0)	UREAL(Infinity,0.91554)	UREAL(Infinity,0.91554)	AGREE	
663	URealValue.minus(value)	UREAL(28.230986,0.91554) | UREAL(1.0,NaN)	UREAL(27.230986,NaN)	UREAL(27.230986,NaN)	AGREE	
664	URealValue.minus(value)	UREAL(28.230986,0.91554) | UREAL(1.0,Infinity)	UREAL(27.230986,Infinity)	UREAL(27.230986,Infinity)	AGREE	
665	URealValue.minus(value)	UREAL(28.230986,0.91554) | UREAL(1.0,-1.0)	UREAL(27.230986,1.355807320971531)	UREAL(27.230986,1.91554)	DIFFER	
666	URealValue.minus(value)	UREAL(28.230986,0.91554) | UREAL(-46.064505,0.782649)	UREAL(74.295491,1.2044720622750036)	UREAL(74.295491,0.13289099999999998)	DIFFER	
667	URealValue.minus(value)	UREAL(28.230986,0.91554) | UREAL(28.230986,0.91554)	UREAL(0.0,1.2947690848950635)	UREAL(0.0,0.0)	DIFFER	
668	URealValue.minus(value)	UREAL(28.230986,0.91554) | UREAL(47.696811,0.395191)	UREAL(-19.465824999999995,0.9971907631346171)	UREAL(-19.465824999999995,0.520349)	DIFFER	
669	URealValue.minus(value)	UREAL(28.230986,0.91554) | UREAL(-61.870069,0.428633)	UREAL(90.101055,1.0109103522513754)	UREAL(90.101055,0.48690700000000003)	DIFFER	
670	URealValue.minus(value)	UREAL(28.230986,0.91554) | UREAL(-98.361875,0.358527)	UREAL(126.592861,0.9832370524593751)	UREAL(126.592861,0.557013)	DIFFER	
671	URealValue.minus(value)	UREAL(28.230986,0.91554) | UREAL(37.640335,0.974834)	UREAL(-9.409348999999999,1.3373536627070641)	UREAL(-9.409348999999999,0.05929399999999996)	DIFFER	
672	URealValue.minus(value)	UREAL(47.696811,0.395191) | UREAL(0.0,0.0)	UREAL(47.696811,0.395191)	UREAL(47.696811,0.395191)	AGREE	
673	URealValue.minus(value)	UREAL(47.696811,0.395191) | UREAL(0.0,1.0)	UREAL(47.696811,1.0752562143419586)	UREAL(47.696811,0.6048089999999999)	DIFFER	
674	URealValue.minus(value)	UREAL(47.696811,0.395191) | UREAL(-0.0,0.0)	UREAL(47.696811,0.395191)	UREAL(47.696811,0.395191)	AGREE	
675	URealValue.minus(value)	UREAL(47.696811,0.395191) | UREAL(1.0,0.0)	UREAL(46.696811,0.395191)	UREAL(46.696811,0.395191)	AGREE	
676	URealValue.minus(value)	UREAL(47.696811,0.395191) | UREAL(1.0,1.0)	UREAL(46.696811,1.0752562143419586)	UREAL(46.696811,0.6048089999999999)	DIFFER	
677	URealValue.minus(value)	UREAL(47.696811,0.395191) | UREAL(-1.0,0.0)	UREAL(48.696811,0.395191)	UREAL(48.696811,0.395191)	AGREE	
678	URealValue.minus(value)	UREAL(47.696811,0.395191) | UREAL(-1.0,1.0)	UREAL(48.696811,1.0752562143419586)	UREAL(48.696811,0.6048089999999999)	DIFFER	
679	URealValue.minus(value)	UREAL(47.696811,0.395191) | UREAL(-1.0,0.5)	UREAL(48.696811,0.637319328501027)	UREAL(48.696811,0.10480899999999999)	DIFFER	
680	URealValue.minus(value)	UREAL(47.696811,0.395191) | UREAL(0.5,0.5)	UREAL(47.196811,0.637319328501027)	UREAL(47.196811,0.10480899999999999)	DIFFER	
681	URealValue.minus(value)	UREAL(47.696811,0.395191) | UREAL(-0.5,0.25)	UREAL(48.196811,0.46762797871919515)	UREAL(48.196811,0.14519100000000001)	DIFFER	
682	URealValue.minus(value)	UREAL(47.696811,0.395191) | UREAL(2.0,0.0)	UREAL(45.696811,0.395191)	UREAL(45.696811,0.395191)	AGREE	
683	URealValue.minus(value)	UREAL(47.696811,0.395191) | UREAL(100.0,0.001)	UREAL(-52.303189,0.39519226520897394)	UREAL(-52.303189,0.394191)	DIFFER	
684	URealValue.minus(value)	UREAL(47.696811,0.395191) | UREAL(-100.0,0.001)	UREAL(147.696811,0.39519226520897394)	UREAL(147.696811,0.394191)	DIFFER	
685	URealValue.minus(value)	UREAL(47.696811,0.395191) | UREAL(4.9E-324,0.0)	UREAL(47.696811,0.395191)	UREAL(47.696811,0.395191)	AGREE	
686	URealValue.minus(value)	UREAL(47.696811,0.395191) | UREAL(1.7976931348623157E308,0.0)	UREAL(-1.7976931348623157E308,0.395191)	UREAL(-1.7976931348623157E308,0.395191)	AGREE	
687	URealValue.minus(value)	UREAL(47.696811,0.395191) | UREAL(-1.7976931348623157E308,0.0)	UREAL(1.7976931348623157E308,0.395191)	UREAL(1.7976931348623157E308,0.395191)	AGREE	
688	URealValue.minus(value)	UREAL(47.696811,0.395191) | UREAL(NaN,0.0)	UREAL(NaN,0.395191)	UREAL(NaN,0.395191)	AGREE	
689	URealValue.minus(value)	UREAL(47.696811,0.395191) | UREAL(Infinity,0.0)	UREAL(-Infinity,0.395191)	UREAL(-Infinity,0.395191)	AGREE	
690	URealValue.minus(value)	UREAL(47.696811,0.395191) | UREAL(-Infinity,0.0)	UREAL(Infinity,0.395191)	UREAL(Infinity,0.395191)	AGREE	
691	URealValue.minus(value)	UREAL(47.696811,0.395191) | UREAL(1.0,NaN)	UREAL(46.696811,NaN)	UREAL(46.696811,NaN)	AGREE	
692	URealValue.minus(value)	UREAL(47.696811,0.395191) | UREAL(1.0,Infinity)	UREAL(46.696811,Infinity)	UREAL(46.696811,Infinity)	AGREE	
693	URealValue.minus(value)	UREAL(47.696811,0.395191) | UREAL(1.0,-1.0)	UREAL(46.696811,1.0752562143419586)	UREAL(46.696811,1.395191)	DIFFER	
694	URealValue.minus(value)	UREAL(47.696811,0.395191) | UREAL(-46.064505,0.782649)	UREAL(93.761316,0.8767641551078603)	UREAL(93.761316,0.387458)	DIFFER	
695	URealValue.minus(value)	UREAL(47.696811,0.395191) | UREAL(28.230986,0.91554)	UREAL(19.465824999999995,0.9971907631346171)	UREAL(19.465824999999995,0.520349)	DIFFER	
696	URealValue.minus(value)	UREAL(47.696811,0.395191) | UREAL(47.696811,0.395191)	UREAL(0.0,0.5588844719277858)	UREAL(0.0,0.0)	DIFFER	
697	URealValue.minus(value)	UREAL(47.696811,0.395191) | UREAL(-61.870069,0.428633)	UREAL(109.56688,0.5830112993501927)	UREAL(109.56688,0.03344199999999997)	DIFFER	
698	URealValue.minus(value)	UREAL(47.696811,0.395191) | UREAL(-98.361875,0.358527)	UREAL(146.058686,0.5335892954417283)	UREAL(146.058686,0.03666400000000003)	DIFFER	
699	URealValue.minus(value)	UREAL(47.696811,0.395191) | UREAL(37.640335,0.974834)	UREAL(10.056475999999996,1.051892225485577)	UREAL(10.056475999999996,0.5796429999999999)	DIFFER	
700	URealValue.minus(value)	UREAL(-61.870069,0.428633) | UREAL(0.0,0.0)	UREAL(-61.870069,0.428633)	UREAL(-61.870069,0.428633)	AGREE	
701	URealValue.minus(value)	UREAL(-61.870069,0.428633) | UREAL(0.0,1.0)	UREAL(-61.870069,1.0879918421978172)	UREAL(-61.870069,0.571367)	DIFFER	
702	URealValue.minus(value)	UREAL(-61.870069,0.428633) | UREAL(-0.0,0.0)	UREAL(-61.870069,0.428633)	UREAL(-61.870069,0.428633)	AGREE	
703	URealValue.minus(value)	UREAL(-61.870069,0.428633) | UREAL(1.0,0.0)	UREAL(-62.870069,0.428633)	UREAL(-62.870069,0.428633)	AGREE	
704	URealValue.minus(value)	UREAL(-61.870069,0.428633) | UREAL(1.0,1.0)	UREAL(-62.870069,1.0879918421978172)	UREAL(-62.870069,0.571367)	DIFFER	
705	URealValue.minus(value)	UREAL(-61.870069,0.428633) | UREAL(-1.0,0.0)	UREAL(-60.870069,0.428633)	UREAL(-60.870069,0.428633)	AGREE	
706	URealValue.minus(value)	UREAL(-61.870069,0.428633) | UREAL(-1.0,1.0)	UREAL(-60.870069,1.0879918421978172)	UREAL(-60.870069,0.571367)	DIFFER	
707	URealValue.minus(value)	UREAL(-61.870069,0.428633) | UREAL(-1.0,0.5)	UREAL(-60.870069,0.6585789616203968)	UREAL(-60.870069,0.07136700000000001)	DIFFER	
708	URealValue.minus(value)	UREAL(-61.870069,0.428633) | UREAL(0.5,0.5)	UREAL(-62.370069,0.6585789616203968)	UREAL(-62.370069,0.07136700000000001)	DIFFER	
709	URealValue.minus(value)	UREAL(-61.870069,0.428633) | UREAL(-0.5,0.25)	UREAL(-61.370069,0.49621189897965967)	UREAL(-61.370069,0.178633)	DIFFER	
710	URealValue.minus(value)	UREAL(-61.870069,0.428633) | UREAL(2.0,0.0)	UREAL(-63.870069,0.428633)	UREAL(-63.870069,0.428633)	AGREE	
711	URealValue.minus(value)	UREAL(-61.870069,0.428633) | UREAL(100.0,0.001)	UREAL(-161.870069,0.4286341664974923)	UREAL(-161.870069,0.427633)	DIFFER	
712	URealValue.minus(value)	UREAL(-61.870069,0.428633) | UREAL(-100.0,0.001)	UREAL(38.129931,0.4286341664974923)	UREAL(38.129931,0.427633)	DIFFER	
713	URealValue.minus(value)	UREAL(-61.870069,0.428633) | UREAL(4.9E-324,0.0)	UREAL(-61.870069,0.428633)	UREAL(-61.870069,0.428633)	AGREE	
714	URealValue.minus(value)	UREAL(-61.870069,0.428633) | UREAL(1.7976931348623157E308,0.0)	UREAL(-1.7976931348623157E308,0.428633)	UREAL(-1.7976931348623157E308,0.428633)	AGREE	
715	URealValue.minus(value)	UREAL(-61.870069,0.428633) | UREAL(-1.7976931348623157E308,0.0)	UREAL(1.7976931348623157E308,0.428633)	UREAL(1.7976931348623157E308,0.428633)	AGREE	
716	URealValue.minus(value)	UREAL(-61.870069,0.428633) | UREAL(NaN,0.0)	UREAL(NaN,0.428633)	UREAL(NaN,0.428633)	AGREE	
717	URealValue.minus(value)	UREAL(-61.870069,0.428633) | UREAL(Infinity,0.0)	UREAL(-Infinity,0.428633)	UREAL(-Infinity,0.428633)	AGREE	
718	URealValue.minus(value)	UREAL(-61.870069,0.428633) | UREAL(-Infinity,0.0)	UREAL(Infinity,0.428633)	UREAL(Infinity,0.428633)	AGREE	
719	URealValue.minus(value)	UREAL(-61.870069,0.428633) | UREAL(1.0,NaN)	UREAL(-62.870069,NaN)	UREAL(-62.870069,NaN)	AGREE	
720	URealValue.minus(value)	UREAL(-61.870069,0.428633) | UREAL(1.0,Infinity)	UREAL(-62.870069,Infinity)	UREAL(-62.870069,Infinity)	AGREE	
721	URealValue.minus(value)	UREAL(-61.870069,0.428633) | UREAL(1.0,-1.0)	UREAL(-62.870069,1.0879918421978172)	UREAL(-62.870069,1.428633)	DIFFER	
722	URealValue.minus(value)	UREAL(-61.870069,0.428633) | UREAL(-46.064505,0.782649)	UREAL(-15.805564000000004,0.8923372153451856)	UREAL(-15.805564000000004,0.35401600000000005)	DIFFER	
723	URealValue.minus(value)	UREAL(-61.870069,0.428633) | UREAL(28.230986,0.91554)	UREAL(-90.101055,1.0109103522513754)	UREAL(-90.101055,0.48690700000000003)	DIFFER	
724	URealValue.minus(value)	UREAL(-61.870069,0.428633) | UREAL(47.696811,0.395191)	UREAL(-109.56688,0.5830112993501927)	UREAL(-109.56688,0.03344199999999997)	DIFFER	
725	URealValue.minus(value)	UREAL(-61.870069,0.428633) | UREAL(-61.870069,0.428633)	UREAL(0.0,0.6061786018806669)	UREAL(0.0,0.0)	DIFFER	
726	URealValue.minus(value)	UREAL(-61.870069,0.428633) | UREAL(-98.361875,0.358527)	UREAL(36.491806,0.5588093220571754)	UREAL(36.491806,0.070106)	DIFFER	
727	URealValue.minus(value)	UREAL(-61.870069,0.428633) | UREAL(37.640335,0.974834)	UREAL(-99.510404,1.0649073087574334)	UREAL(-99.510404,0.5462009999999999)	DIFFER	
728	URealValue.minus(value)	UREAL(-98.361875,0.358527) | UREAL(0.0,0.0)	UREAL(-98.361875,0.358527)	UREAL(-98.361875,0.358527)	AGREE	
729	URealValue.minus(value)	UREAL(-98.361875,0.358527) | UREAL(0.0,1.0)	UREAL(-98.361875,1.0623283907196492)	UREAL(-98.361875,0.641473)	DIFFER	
730	URealValue.minus(value)	UREAL(-98.361875,0.358527) | UREAL(-0.0,0.0)	UREAL(-98.361875,0.358527)	UREAL(-98.361875,0.358527)	AGREE	
731	URealValue.minus(value)	UREAL(-98.361875,0.358527) | UREAL(1.0,0.0)	UREAL(-99.361875,0.358527)	UREAL(-99.361875,0.358527)	AGREE	
732	URealValue.minus(value)	UREAL(-98.361875,0.358527) | UREAL(1.0,1.0)	UREAL(-99.361875,1.0623283907196492)	UREAL(-99.361875,0.641473)	DIFFER	
733	URealValue.minus(value)	UREAL(-98.361875,0.358527) | UREAL(-1.0,0.0)	UREAL(-97.361875,0.358527)	UREAL(-97.361875,0.358527)	AGREE	
734	URealValue.minus(value)	UREAL(-98.361875,0.358527) | UREAL(-1.0,1.0)	UREAL(-97.361875,1.0623283907196492)	UREAL(-97.361875,0.641473)	DIFFER	
735	URealValue.minus(value)	UREAL(-98.361875,0.358527) | UREAL(-1.0,0.5)	UREAL(-97.361875,0.6152573524379858)	UREAL(-97.361875,0.14147300000000002)	DIFFER	
736	URealValue.minus(value)	UREAL(-98.361875,0.358527) | UREAL(0.5,0.5)	UREAL(-98.861875,0.6152573524379858)	UREAL(-98.861875,0.14147300000000002)	DIFFER	
737	URealValue.minus(value)	UREAL(-98.361875,0.358527) | UREAL(-0.5,0.25)	UREAL(-97.861875,0.43708306959775967)	UREAL(-97.861875,0.10852699999999998)	DIFFER	
738	URealValue.minus(value)	UREAL(-98.361875,0.358527) | UREAL(2.0,0.0)	UREAL(-100.361875,0.358527)	UREAL(-100.361875,0.358527)	AGREE	
739	URealValue.minus(value)	UREAL(-98.361875,0.358527) | UREAL(100.0,0.001)	UREAL(-198.361875,0.3585283945923949)	UREAL(-198.361875,0.357527)	DIFFER	
740	URealValue.minus(value)	UREAL(-98.361875,0.358527) | UREAL(-100.0,0.001)	UREAL(1.6381250000000023,0.3585283945923949)	UREAL(1.6381250000000023,0.357527)	DIFFER	
741	URealValue.minus(value)	UREAL(-98.361875,0.358527) | UREAL(4.9E-324,0.0)	UREAL(-98.361875,0.358527)	UREAL(-98.361875,0.358527)	AGREE	
742	URealValue.minus(value)	UREAL(-98.361875,0.358527) | UREAL(1.7976931348623157E308,0.0)	UREAL(-1.7976931348623157E308,0.358527)	UREAL(-1.7976931348623157E308,0.358527)	AGREE	
743	URealValue.minus(value)	UREAL(-98.361875,0.358527) | UREAL(-1.7976931348623157E308,0.0)	UREAL(1.7976931348623157E308,0.358527)	UREAL(1.7976931348623157E308,0.358527)	AGREE	
744	URealValue.minus(value)	UREAL(-98.361875,0.358527) | UREAL(NaN,0.0)	UREAL(NaN,0.358527)	UREAL(NaN,0.358527)	AGREE	
745	URealValue.minus(value)	UREAL(-98.361875,0.358527) | UREAL(Infinity,0.0)	UREAL(-Infinity,0.358527)	UREAL(-Infinity,0.358527)	AGREE	
746	URealValue.minus(value)	UREAL(-98.361875,0.358527) | UREAL(-Infinity,0.0)	UREAL(Infinity,0.358527)	UREAL(Infinity,0.358527)	AGREE	
747	URealValue.minus(value)	UREAL(-98.361875,0.358527) | UREAL(1.0,NaN)	UREAL(-99.361875,NaN)	UREAL(-99.361875,NaN)	AGREE	
748	URealValue.minus(value)	UREAL(-98.361875,0.358527) | UREAL(1.0,Infinity)	UREAL(-99.361875,Infinity)	UREAL(-99.361875,Infinity)	AGREE	
749	URealValue.minus(value)	UREAL(-98.361875,0.358527) | UREAL(1.0,-1.0)	UREAL(-99.361875,1.0623283907196492)	UREAL(-99.361875,1.358527)	DIFFER	
750	URealValue.minus(value)	UREAL(-98.361875,0.358527) | UREAL(-46.064505,0.782649)	UREAL(-52.29737,0.8608606547694)	UREAL(-52.29737,0.42412200000000005)	DIFFER	
751	URealValue.minus(value)	UREAL(-98.361875,0.358527) | UREAL(28.230986,0.91554)	UREAL(-126.592861,0.9832370524593751)	UREAL(-126.592861,0.557013)	DIFFER	
752	URealValue.minus(value)	UREAL(-98.361875,0.358527) | UREAL(47.696811,0.395191)	UREAL(-146.058686,0.5335892954417283)	UREAL(-146.058686,0.03666400000000003)	DIFFER	
753	URealValue.minus(value)	UREAL(-98.361875,0.358527) | UREAL(-61.870069,0.428633)	UREAL(-36.491806,0.5588093220571754)	UREAL(-36.491806,0.070106)	DIFFER	
754	URealValue.minus(value)	UREAL(-98.361875,0.358527) | UREAL(-98.361875,0.358527)	UREAL(0.0,0.5070337458769386)	UREAL(0.0,0.0)	DIFFER	
755	URealValue.minus(value)	UREAL(-98.361875,0.358527) | UREAL(37.640335,0.974834)	UREAL(-136.00221,1.0386736432994725)	UREAL(-136.00221,0.6163069999999999)	DIFFER	
756	URealValue.minus(value)	UREAL(37.640335,0.974834) | UREAL(0.0,0.0)	UREAL(37.640335,0.974834)	UREAL(37.640335,0.974834)	AGREE	
757	URealValue.minus(value)	UREAL(37.640335,0.974834) | UREAL(0.0,1.0)	UREAL(37.640335,1.3965318927815433)	UREAL(37.640335,0.02516600000000002)	DIFFER	
758	URealValue.minus(value)	UREAL(37.640335,0.974834) | UREAL(-0.0,0.0)	UREAL(37.640335,0.974834)	UREAL(37.640335,0.974834)	AGREE	
759	URealValue.minus(value)	UREAL(37.640335,0.974834) | UREAL(1.0,0.0)	UREAL(36.640335,0.974834)	UREAL(36.640335,0.974834)	AGREE	
760	URealValue.minus(value)	UREAL(37.640335,0.974834) | UREAL(1.0,1.0)	UREAL(36.640335,1.3965318927815433)	UREAL(36.640335,0.02516600000000002)	DIFFER	
761	URealValue.minus(value)	UREAL(37.640335,0.974834) | UREAL(-1.0,0.0)	UREAL(38.640335,0.974834)	UREAL(38.640335,0.974834)	AGREE	
762	URealValue.minus(value)	UREAL(37.640335,0.974834) | UREAL(-1.0,1.0)	UREAL(38.640335,1.3965318927815433)	UREAL(38.640335,0.02516600000000002)	DIFFER	
763	URealValue.minus(value)	UREAL(37.640335,0.974834) | UREAL(-1.0,0.5)	UREAL(38.640335,1.0955826429603566)	UREAL(38.640335,0.474834)	DIFFER	
764	URealValue.minus(value)	UREAL(37.640335,0.974834) | UREAL(0.5,0.5)	UREAL(37.140335,1.0955826429603566)	UREAL(37.140335,0.474834)	DIFFER	
765	URealValue.minus(value)	UREAL(37.640335,0.974834) | UREAL(-0.5,0.25)	UREAL(38.140335,1.0063803096026869)	UREAL(38.140335,0.724834)	DIFFER	
766	URealValue.minus(value)	UREAL(37.640335,0.974834) | UREAL(2.0,0.0)	UREAL(35.640335,0.974834)	UREAL(35.640335,0.974834)	AGREE	
767	URealValue.minus(value)	UREAL(37.640335,0.974834) | UREAL(100.0,0.001)	UREAL(-62.359665,0.9748345129077037)	UREAL(-62.359665,0.973834)	DIFFER	
768	URealValue.minus(value)	UREAL(37.640335,0.974834) | UREAL(-100.0,0.001)	UREAL(137.640335,0.9748345129077037)	UREAL(137.640335,0.973834)	DIFFER	
769	URealValue.minus(value)	UREAL(37.640335,0.974834) | UREAL(4.9E-324,0.0)	UREAL(37.640335,0.974834)	UREAL(37.640335,0.974834)	AGREE	
770	URealValue.minus(value)	UREAL(37.640335,0.974834) | UREAL(1.7976931348623157E308,0.0)	UREAL(-1.7976931348623157E308,0.974834)	UREAL(-1.7976931348623157E308,0.974834)	AGREE	
771	URealValue.minus(value)	UREAL(37.640335,0.974834) | UREAL(-1.7976931348623157E308,0.0)	UREAL(1.7976931348623157E308,0.974834)	UREAL(1.7976931348623157E308,0.974834)	AGREE	
772	URealValue.minus(value)	UREAL(37.640335,0.974834) | UREAL(NaN,0.0)	UREAL(NaN,0.974834)	UREAL(NaN,0.974834)	AGREE	
773	URealValue.minus(value)	UREAL(37.640335,0.974834) | UREAL(Infinity,0.0)	UREAL(-Infinity,0.974834)	UREAL(-Infinity,0.974834)	AGREE	
774	URealValue.minus(value)	UREAL(37.640335,0.974834) | UREAL(-Infinity,0.0)	UREAL(Infinity,0.974834)	UREAL(Infinity,0.974834)	AGREE	
775	URealValue.minus(value)	UREAL(37.640335,0.974834) | UREAL(1.0,NaN)	UREAL(36.640335,NaN)	UREAL(36.640335,NaN)	AGREE	
776	URealValue.minus(value)	UREAL(37.640335,0.974834) | UREAL(1.0,Infinity)	UREAL(36.640335,Infinity)	UREAL(36.640335,Infinity)	AGREE	
777	URealValue.minus(value)	UREAL(37.640335,0.974834) | UREAL(1.0,-1.0)	UREAL(36.640335,1.3965318927815433)	UREAL(36.640335,1.974834)	DIFFER	
778	URealValue.minus(value)	UREAL(37.640335,0.974834) | UREAL(-46.064505,0.782649)	UREAL(83.70483999999999,1.2501363064710185)	UREAL(83.70483999999999,0.19218499999999994)	DIFFER	
779	URealValue.minus(value)	UREAL(37.640335,0.974834) | UREAL(28.230986,0.91554)	UREAL(9.409348999999999,1.3373536627070641)	UREAL(9.409348999999999,0.05929399999999996)	DIFFER	
780	URealValue.minus(value)	UREAL(37.640335,0.974834) | UREAL(47.696811,0.395191)	UREAL(-10.056475999999996,1.051892225485577)	UREAL(-10.056475999999996,0.5796429999999999)	DIFFER	
781	URealValue.minus(value)	UREAL(37.640335,0.974834) | UREAL(-61.870069,0.428633)	UREAL(99.510404,1.0649073087574334)	UREAL(99.510404,0.5462009999999999)	DIFFER	
782	URealValue.minus(value)	UREAL(37.640335,0.974834) | UREAL(-98.361875,0.358527)	UREAL(136.00221,1.0386736432994725)	UREAL(136.00221,0.6163069999999999)	DIFFER	
783	URealValue.minus(value)	UREAL(37.640335,0.974834) | UREAL(37.640335,0.974834)	UREAL(0.0,1.3786234638624137)	UREAL(0.0,0.0)	DIFFER	
